action_id,trigger_type,trigger_id,action_type,owner_dept,expected_effect_metric,start_date,pre_window_start,pre_window_end,post_window_start,post_window_end,scope_type,scope_supplier_id,scope_part_id,scope_plant_line,scope_shift,scope_eo_id,pre_defect_rate_per_1000,post_defect_rate_per_1000,delta_defect_rate_per_1000,pct_change_defect_rate_per_1000,pre_ppm,post_ppm,delta_ppm,pct_change_ppm,pre_oos_rate,post_oos_rate,delta_oos_rate,pct_change_oos_rate,pre_cost_per_1000_units,post_cost_per_1000_units,delta_cost_per_1000_units,pct_change_cost_per_1000_units,pre_risk_score_v1,post_risk_score_v1,delta_risk_score_v1,pct_change_risk_score_v1,pre_qty_used,post_qty_used,pre_meas_n,post_meas_n,pre_defect_n,post_defect_n,pre_cost_usd,post_cost_usd,improved_v1,low_confidence_flag
A000000001,defect,D000000558,corrective,ManufacturingEng,oos_drop,2026-01-13,2025-12-30,2026-01-12,2026-01-13,2026-01-26,defect_scope,S010,P0002,Final-1,B,,2.5220680958385877,0.0,-2.5220680958385877,-1.0,2522.068095838588,0.0,-2522.068095838588,-1.0,0.0,0.0,0.0,,334.577553593947,0.0,-334.577553593947,-1.0,7.6532,0.0,-7.6532,-1.0,793.0,381.0,15.0,5.0,2.0,0.0,265.32,0.0,1,1
A000000002,defect,D000000571,containment,Quality,ppm_drop,2026-01-14,2025-12-31,2026-01-13,2026-01-14,2026-01-27,defect_scope,S005,P0032,ChassisLine-1,B,,0.9510223490252021,0.0,-0.9510223490252021,-1.0,951.0223490252022,0.0,-951.0223490252022,-1.0,0.23853211009174313,0.22857142857142856,-0.009960681520314568,-0.04175824175824184,103.04802662862576,0.0,-103.04802662862576,-1.0,27.791681458224314,21.052631578947366,-6.739049879276948,-0.24248442431980594,2103.0,653.0,109.0,35.0,2.0,0.0,216.70999999999998,0.0,1,0
A000000003,defect,D000000493,containment,ManufacturingEng,scrap_cost_drop,2025-12-19,2025-12-05,2025-12-18,2025-12-19,2026-01-01,defect_scope,S011,P0009,BodyLine-1,C,,3.6363636363636362,0.0,-3.6363636363636362,-1.0,3636.3636363636365,0.0,-3636.3636363636365,-1.0,0.3333333333333333,0.1875,-0.14583333333333331,-0.43749999999999994,377.96363636363634,0.0,-377.96363636363634,-1.0,41.41213333333333,18.75,-22.66213333333333,-0.5472341439384915,275.0,372.0,12.0,16.0,1.0,0.0,103.94,0.0,1,1
A000000004,defect,D000000529,corrective,Production,ppm_drop,2025-12-31,2025-12-17,2025-12-30,2025-12-31,2026-01-13,defect_scope,S003,P0036,ChassisLine-1,C,,7.326007326007326,0.0,-7.326007326007326,-1.0,7326.007326007326,0.0,-7326.007326007326,-1.0,0.5714285714285714,0.0,-0.5714285714285714,-1.0,994.0293040293041,0.0,-994.0293040293041,-1.0,75.57025714285714,0.0,-75.57025714285714,-1.0,273.0,112.0,14.0,17.0,2.0,0.0,271.37,0.0,1,1
A000000005,defect,D000000304,containment,Quality,ppm_drop,2025-10-22,2025-10-08,2025-10-21,2025-10-22,2025-11-04,defect_scope,S003,P0028,ChassisLine-1,B,,2.395209580838323,1.04384133611691,-1.351368244721413,-0.56419624217119,2395.2095808383233,1043.84133611691,-1351.3682447214132,-0.56419624217119,0.06521739130434782,0.15625,0.09103260869565218,1.3958333333333335,262.3832335329341,157.75574112734864,-104.62749240558549,-0.3987583009661047,10.969859259259259,14.840866666666665,3.871007407407406,0.3528766701487104,1670.0,958.0,92.0,32.0,4.0,1.0,438.18,151.13,0,0
A000000006,defect,D000000164,corrective,Production,scrap_cost_drop,2025-08-26,2025-08-12,2025-08-25,2025-08-26,2025-09-08,defect_scope,S003,P0014,Final-1,C,,2.688172043010753,,,,2688.172043010753,,,,0.1111111111111111,,,,495.9677419354839,,,,20.19,,,,744.0,0.0,9.0,0.0,2.0,0.0,369.0,0.0,0,1
A000000007,defect,D000000352,containment,R&D,scrap_cost_drop,2025-11-06,2025-10-23,2025-11-05,2025-11-06,2025-11-19,defect_scope,S008,P0015,ChassisLine-1,A,,0.6493506493506493,2.331002331002331,1.6816516816516818,2.58974358974359,649.3506493506494,2331.002331002331,1681.6516816516819,2.58974358974359,0.23333333333333334,0.3625,0.12916666666666665,0.5535714285714285,49.29220779220779,274.965034965035,225.6728271728272,4.578265760059991,23.11820582633053,43.12634818359029,20.008142357259757,0.8654712440734237,1540.0,1287.0,90.0,80.0,1.0,3.0,75.91,353.88000000000005,0,0
A000000008,defect,D000000377,containment,R&D,oos_drop,2025-11-13,2025-10-30,2025-11-12,2025-11-13,2025-11-26,defect_scope,S001,P0001,Final-1,B,,2.5806451612903225,3.947368421052632,1.3667232597623094,0.5296052631578949,2580.6451612903224,3947.3684210526317,1366.7232597623092,0.5296052631578948,0.18518518518518517,0.5357142857142857,0.3505291005291005,1.892857142857143,433.6258064516129,1215.157894736842,781.5320882852292,1.8023191347409766,24.86858662818663,61.67315555555555,36.80456892736892,1.4799622301676674,775.0,760.0,27.0,28.0,2.0,3.0,336.06,923.52,0,0
A000000009,defect,D000000018,containment,Quality,ppm_drop,2025-07-11,2025-06-27,2025-07-10,2025-07-11,2025-07-24,defect_scope,S008,P0029,Final-1,A,,1.1185682326621924,0.0,-1.1185682326621924,-1.0,1118.5682326621923,0.0,-1118.5682326621923,-1.0,0.0,0.0,0.0,,77.29306487695749,0.0,-77.29306487695749,-1.0,2.4606666666666666,0.0,-2.4606666666666666,-1.0,894.0,314.0,25.0,21.0,1.0,0.0,69.1,0.0,1,1
A000000010,defect,D000000174,corrective,Quality,ppm_drop,2025-08-28,2025-08-14,2025-08-27,2025-08-28,2025-09-10,defect_scope,S002,P0024,Final-1,B,,7.751937984496124,0.0,-7.751937984496124,-1.0,7751.937984496124,0.0,-7751.937984496124,-1.0,0.0,0.0,0.0,,1870.0775193798452,0.0,-1870.0775193798452,-1.0,10.8248,0.0,-10.8248,-1.0,129.0,561.0,8.0,16.0,1.0,0.0,241.24,0.0,1,1
A000000011,defect,D000000265,corrective,SupplierQuality,oos_drop,2025-10-09,2025-09-25,2025-10-08,2025-10-09,2025-10-22,defect_scope,S001,P0005,BodyLine-1,A,,1.243781094527363,0.0,-1.243781094527363,-1.0,1243.7810945273632,0.0,-1243.7810945273632,-1.0,0.37777777777777777,0.2727272727272727,-0.10505050505050506,-0.2780748663101605,279.4776119402985,0.0,-279.4776119402985,-1.0,43.64951515151515,25.0,-18.649515151515153,-0.4272559520255701,804.0,556.0,45.0,44.0,1.0,0.0,224.7,0.0,1,0
A000000012,defect,D000000257,preventive,Quality,oos_drop,2025-10-02,2025-09-18,2025-10-01,2025-10-02,2025-10-15,defect_scope,S005,P0027,TrimLine-1,C,,4.237288135593221,2.680965147453083,-1.5563229881401375,-0.3672922252010724,4237.28813559322,2680.9651474530833,-1556.322988140137,-0.36729222520107235,0.36363636363636365,0.3333333333333333,-0.03030303030303033,-0.08333333333333341,959.1949152542372,603.5924932975872,-355.60242195665,-0.37073009489671516,46.89103636363637,41.538514285714285,-5.352522077922082,-0.11414808656421424,236.0,746.0,11.0,15.0,1.0,2.0,226.37,450.2800000000001,1,1
A000000013,defect,D000000126,corrective,Quality,scrap_cost_drop,2025-08-16,2025-08-02,2025-08-15,2025-08-16,2025-08-29,defect_scope,S011,P0009,BodyLine-1,B,,3.2102728731942216,0.0,-3.2102728731942216,-1.0,3210.2728731942216,0.0,-3210.2728731942216,-1.0,0.20930232558139536,0.375,0.16569767441860464,0.7916666666666665,581.15569823435,0.0,-581.15569823435,-1.0,27.097494017094018,37.5,10.402505982905982,0.3838918084581448,623.0,228.0,43.0,8.0,2.0,0.0,362.06000000000006,0.0,0,1
A000000014,defect,D000000003,preventive,ManufacturingEng,ppm_drop,2025-07-05,2025-06-21,2025-07-04,2025-07-05,2025-07-18,defect_scope,S001,P0005,BodyLine-1,A,,2.5906735751295336,0.6798096532970768,-1.9108639218324568,-0.7375934738273283,2590.6735751295337,679.8096532970768,-1910.863921832457,-0.7375934738273284,0.6923076923076923,0.24324324324324326,-0.44906444906444903,-0.6486486486486486,748.9637305699482,109.27940176750509,-639.6843288024431,-0.8540925317113215,79.01276923076922,23.72595096716149,-55.28681826360773,-0.6997200427456716,386.0,1471.0,13.0,74.0,1.0,1.0,289.1,160.75,1,1
A000000015,defect,D000000567,preventive,Quality,ppm_drop,2026-01-15,2026-01-01,2026-01-14,2026-01-15,2026-01-28,defect_scope,S007,P0008,ChassisLine-1,B,,1.8083182640144664,0.0,-1.8083182640144664,-1.0,1808.3182640144664,0.0,-1808.3182640144664,-1.0,0.0,0.0,0.0,,297.27546714888484,0.0,-297.27546714888484,-1.0,3.643933333333333,0.0,-3.643933333333333,-1.0,1659.0,1781.0,91.0,81.0,3.0,0.0,493.18,0.0,1,0
A000000016,defect,D000000582,corrective,ManufacturingEng,ppm_drop,2026-01-21,2026-01-07,2026-01-20,2026-01-21,2026-02-03,defect_scope,S011,P0011,TrimLine-1,A,,0.6963788300835655,0.0,-0.6963788300835655,-1.0,696.3788300835655,0.0,-696.3788300835655,-1.0,0.1388888888888889,0.0,-0.1388888888888889,-1.0,39.08077994428969,0.0,-39.08077994428969,-1.0,16.929241904761902,0.0,-16.929241904761902,-1.0,1436.0,458.0,36.0,10.0,1.0,0.0,56.12,0.0,1,1
A000000017,defect,D000000001,containment,Quality,ppm_drop,2025-07-02,2025-06-18,2025-07-01,2025-07-02,2025-07-15,defect_scope,S005,P0027,Final-1,A,,5.347593582887701,,,,5347.5935828877,,,,0.5,,,,129.83957219251337,,,,54.4856,,,,187.0,0.0,8.0,0.0,1.0,0.0,24.28,0.0,0,1
A000000018,defect,D000000618,corrective,Production,ppm_drop,2026-02-01,2026-01-18,2026-01-31,2026-02-01,2026-02-14,defect_scope,S001,P0018,TrimLine-1,C,,3.1545741324921135,,,,3154.5741324921137,,,,0.5714285714285714,,,,461.54574132492115,,,,64.06905714285713,,,,317.0,0.0,7.0,0.0,1.0,0.0,146.31,0.0,0,1
A000000019,defect,D000000536,containment,ManufacturingEng,ppm_drop,2026-01-04,2025-12-21,2026-01-03,2026-01-04,2026-01-17,defect_scope,S005,P0027,Final-1,A,,2.512562814070352,1.5527950310559004,-0.9597677830144515,-0.38198757763975166,2512.5628140703516,1552.7950310559006,-959.767783014451,-0.3819875776397515,0.41379310344827586,0.2,-0.21379310344827585,-0.5166666666666666,538.605527638191,226.27329192546583,-312.33223571272515,-0.5798905129739678,43.92142777777778,16.093563636363633,-27.827864141414146,-0.6335828671647546,796.0,644.0,29.0,15.0,2.0,1.0,428.73,145.72,1,0
A000000020,defect,D000000550,preventive,ManufacturingEng,ppm_drop,2026-01-06,2025-12-23,2026-01-05,2026-01-06,2026-01-19,defect_scope,S001,P0018,TrimLine-1,C,,,2.1691973969631237,,,,2169.1973969631235,,,,0.6363636363636364,,,,290.26030368763554,,,,70.31256363636363,,,0.0,461.0,0.0,11.0,0.0,1.0,0.0,133.81,0,1
A000000021,defect,D000000549,corrective,Quality,ppm_drop,2026-01-09,2025-12-26,2026-01-08,2026-01-09,2026-01-22,defect_scope,S005,P0032,ChassisLine-1,B,,0.819672131147541,0.6906077348066298,-0.12906439634091116,-0.15745856353591162,819.672131147541,690.6077348066298,-129.06439634091123,-0.1574585635359117,0.23809523809523808,0.15853658536585366,-0.07955865272938442,-0.3341463414634146,69.55737704918033,91.05662983425414,21.499252785073807,0.30908659436471886,25.345240170940173,20.632161904761904,-4.713078266178268,-0.18595516295726774,1220.0,1448.0,63.0,82.0,1.0,1.0,84.86,131.85,1,0
A000000022,defect,D000000532,preventive,SupplierQuality,scrap_cost_drop,2025-12-31,2025-12-17,2025-12-30,2025-12-31,2026-01-13,defect_scope,S010,P0002,Final-1,B,,2.2346368715083798,2.2123893805309733,-0.022247490977406414,-0.009955752212389372,2234.6368715083795,2212.3893805309735,-22.24749097740596,-0.009955752212389169,0.0,0.0,0.0,,305.7653631284916,270.9734513274336,-34.79191180105795,-0.11378630805359523,3.3683,8.4496,5.081300000000001,1.5085651515601344,895.0,452.0,36.0,5.0,2.0,1.0,273.65999999999997,122.48,0,1
A000000023,defect,D000000527,preventive,ManufacturingEng,ppm_drop,2025-12-26,2025-12-12,2025-12-25,2025-12-26,2026-01-08,defect_scope,S010,P0002,TrimLine-1,B,,3.6101083032490977,0.0,-3.6101083032490977,-1.0,3610.1083032490974,0.0,-3610.1083032490974,-1.0,0.0,0.0,0.0,,600.2888086642599,0.0,-600.2888086642599,-1.0,8.3256,0.0,-8.3256,-1.0,554.0,336.0,13.0,8.0,2.0,0.0,332.56,0.0,1,1
A000000024,defect,D000000097,containment,Production,oos_drop,2025-08-07,2025-07-24,2025-08-06,2025-08-07,2025-08-20,defect_scope,S001,P0018,TrimLine-1,B,,2.967359050445104,0.0,-2.967359050445104,-1.0,2967.359050445104,0.0,-2967.359050445104,-1.0,0.4,0.1111111111111111,-0.2888888888888889,-0.7222222222222222,304.62908011869433,0.0,-304.62908011869433,-1.0,54.162963636363635,11.11111111111111,-43.05185252525253,-0.7948577706030217,337.0,186.0,15.0,9.0,1.0,0.0,102.66,0.0,1,1
A000000025,defect,D000000093,corrective,ManufacturingEng,oos_drop,2025-08-05,2025-07-22,2025-08-04,2025-08-05,2025-08-18,defect_scope,S001,P0017,ChassisLine-1,B,,0.5834305717619602,2.1786492374727673,1.595218665710807,2.7342047930283235,583.4305717619603,2178.6492374727673,1595.2186657108068,2.734204793028323,0.0,0.12121212121212122,0.12121212121212122,,24.912485414235707,370.9150326797386,346.00254726550287,13.888720515528616,1.3708,14.790898225957047,13.420098225957048,9.789975361801172,1714.0,918.0,57.0,66.0,1.0,2.0,42.7,340.5,0,0
A000000026,defect,D000000080,preventive,SupplierQuality,ppm_drop,2025-08-02,2025-07-19,2025-08-01,2025-08-02,2025-08-15,defect_scope,S003,P0036,ChassisLine-1,B,,2.10194429847609,,,,2101.9442984760904,,,,0.09090909090909091,,,,308.01891749868633,,,,16.333473015873015,,,,1903.0,0.0,99.0,0.0,4.0,0.0,586.1600000000001,0.0,0,1
A000000027,defect,D000000094,containment,Production,ppm_drop,2025-08-08,2025-07-25,2025-08-07,2025-08-08,2025-08-21,defect_scope,S003,P0036,ChassisLine-1,A,,2.8449502133712663,1.454192922927775,-1.3907572904434913,-0.48885118759088714,2844.9502133712663,1454.192922927775,-1390.7572904434912,-0.48885118759088714,0.046875,0.08695652173913043,0.04008152173913043,0.8550724637681159,185.32005689900427,273.8633058652448,88.54324896624053,0.47778556972111674,12.563164705882352,16.41291851851852,3.849753812636168,0.30643185079262936,703.0,2063.0,64.0,115.0,2.0,3.0,130.28,564.98,0,0
A000000028,defect,D000000580,containment,SupplierQuality,ppm_drop,2026-01-16,2026-01-02,2026-01-15,2026-01-16,2026-01-29,defect_scope,S005,P0032,ChassisLine-1,A,,0.0,0.6297229219143576,0.6297229219143576,,0.0,629.7229219143577,629.7229219143577,,0.2,0.2608695652173913,0.060869565217391286,0.30434782608695643,0.0,94.22229219143577,94.22229219143577,,19.711042311661505,27.77191090282267,8.060868591161164,0.4089519196248779,803.0,3176.0,55.0,161.0,0.0,2.0,0.0,299.25,0,0
A000000029,defect,D000000616,corrective,Production,oos_drop,2026-02-01,2026-01-18,2026-01-31,2026-02-01,2026-02-14,defect_scope,S009,P0030,Final-1,B,,1.3477088948787064,,,,1347.7088948787064,,,,0.0,,,,230.1212938005391,,,,3.7075,,,,742.0,0.0,17.0,0.0,1.0,0.0,170.75,0.0,0,1
A000000030,defect,D000000614,preventive,Quality,ppm_drop,2026-02-01,2026-01-18,2026-01-31,2026-02-01,2026-02-14,defect_scope,S001,P0018,TrimLine-1,A,,1.8450184501845017,,,,1845.0184501845017,,,,0.6842105263157895,,,,274.99999999999994,,,,62.9330606060606,,,,542.0,0.0,19.0,0.0,1.0,0.0,149.04999999999998,0.0,0,1
A000000031,defect,D000000055,corrective,Quality,scrap_cost_drop,2025-07-21,2025-07-07,2025-07-20,2025-07-21,2025-08-03,defect_scope,S006,P0031,BodyLine-2,B,,0.0,2.320185614849188,2.320185614849188,,0.0,2320.185614849188,2320.185614849188,,0.15217391304347827,0.2916666666666667,0.13949275362318841,0.9166666666666666,0.0,245.80046403712296,245.80046403712296,,14.54248366013072,32.22606666666667,17.683583006535947,1.2159946966292132,681.0,431.0,46.0,24.0,0.0,1.0,0.0,105.94,0,1
A000000032,defect,D000000057,preventive,Production,scrap_cost_drop,2025-07-24,2025-07-10,2025-07-23,2025-07-24,2025-08-06,defect_scope,S001,P0001,Final-1,A,,2.7247956403269753,1.6,-1.1247956403269752,-0.41279999999999994,2724.7956403269754,1600.0,-1124.7956403269754,-0.4128,0.7777777777777778,0.6923076923076923,-0.0854700854700855,-0.10989010989010993,82.50681198910081,300.65600000000006,218.14918801089925,2.6440142668428015,82.38337777777778,74.40424848484848,-7.979129292929301,-0.0968536312562023,367.0,625.0,9.0,26.0,1.0,1.0,30.28,187.91000000000005,1,1
A000000033,defect,D000000051,corrective,Quality,oos_drop,2025-07-21,2025-07-07,2025-07-20,2025-07-21,2025-08-03,defect_scope,S003,P0028,ChassisLine-1,A,,1.9011406844106464,0.0,-1.9011406844106464,-1.0,1901.1406844106464,0.0,-1901.1406844106464,-1.0,0.12149532710280374,0.025974025974025976,-0.09552130112877777,-0.7862137862137862,284.6958174904943,0.0,-284.6958174904943,-1.0,13.758795093795094,2.3026315789473686,-11.456163514847725,-0.8326429339742255,1052.0,1531.0,107.0,77.0,2.0,0.0,299.5,0.0,1,0
A000000034,defect,D000000043,containment,R&D,ppm_drop,2025-07-19,2025-07-05,2025-07-18,2025-07-19,2025-08-01,defect_scope,S008,P0015,ChassisLine-1,A,,1.8993352326685662,5.780346820809248,3.881011588140682,2.043352601156069,1899.335232668566,5780.346820809248,3881.011588140682,2.043352601156069,0.46153846153846156,0.5454545454545454,0.08391608391608385,0.18181818181818166,189.11680911680915,1008.728323699422,819.6115145826129,4.333890352794472,47.14587936507936,62.03565454545454,14.889775180375182,0.31582346921720456,2106.0,173.0,78.0,11.0,4.0,1.0,398.28000000000003,174.51,0,1
A000000035,defect,D000000046,containment,ManufacturingEng,oos_drop,2025-07-21,2025-07-07,2025-07-20,2025-07-21,2025-08-03,defect_scope,S005,P0032,ChassisLine-1,C,,3.257328990228013,0.0,-3.257328990228013,-1.0,3257.328990228013,0.0,-3257.328990228013,-1.0,0.48,0.125,-0.355,-0.7395833333333334,363.1758957654723,0.0,-363.1758957654723,-1.0,54.882677777777786,12.5,-42.382677777777786,-0.7722414337978731,614.0,347.0,25.0,8.0,2.0,0.0,222.99,0.0,1,1
A000000036,defect,D000000552,containment,Quality,scrap_cost_drop,2026-01-09,2025-12-26,2026-01-08,2026-01-09,2026-01-22,defect_scope,S011,P0009,BodyLine-1,B,,1.142857142857143,0.0,-1.142857142857143,-1.0,1142.857142857143,0.0,-1142.857142857143,-1.0,0.22448979591836735,0.17391304347826086,-0.05057675244010648,-0.22529644268774707,240.2857142857143,0.0,-240.2857142857143,-1.0,25.30809941520468,16.26984126984127,-9.038258145363411,-0.35712907544267736,875.0,553.0,49.0,23.0,1.0,0.0,210.25,0.0,1,0
A000000037,defect,D000000064,corrective,Quality,ppm_drop,2025-07-28,2025-07-14,2025-07-27,2025-07-28,2025-08-10,defect_scope,S006,P0004,Final-1,A,,6.024096385542169,0.0,-6.024096385542169,-1.0,6024.096385542169,0.0,-6024.096385542169,-1.0,0.0,0.0,0.0,,1820.843373493976,0.0,-1820.843373493976,-1.0,17.0452,5.0,-12.045200000000001,-0.7066622861568066,166.0,155.0,7.0,9.0,1.0,0.0,302.26,0.0,1,1
A000000038,defect,D000000451,corrective,Production,ppm_drop,2025-12-07,2025-11-23,2025-12-06,2025-12-07,2025-12-20,defect_scope,S007,P0003,BodyLine-1,A,,3.061224489795918,0.0,-3.061224489795918,-1.0,3061.224489795918,0.0,-3061.224489795918,-1.0,0.06,0.17142857142857143,0.11142857142857143,1.8571428571428572,293.28571428571433,0.0,-293.28571428571433,-1.0,14.624600000000001,22.333333333333332,7.708733333333331,0.5271072941026306,980.0,1105.0,50.0,70.0,3.0,0.0,287.42,0.0,0,0
A000000039,defect,D000000457,corrective,Quality,scrap_cost_drop,2025-12-11,2025-11-27,2025-12-10,2025-12-11,2025-12-24,defect_scope,S001,P0001,Final-1,A,,1.443001443001443,,,,1443.001443001443,,,,0.7083333333333334,,,,162.6984126984127,,,,77.0322619047619,,,,1386.0,0.0,24.0,0.0,2.0,0.0,225.5,0.0,0,1
A000000040,defect,D000000469,containment,Quality,ppm_drop,2025-12-13,2025-11-29,2025-12-12,2025-12-13,2025-12-26,defect_scope,S001,P0018,TrimLine-1,A,,2.466091245376079,0.0,-2.466091245376079,-1.0,2466.091245376079,0.0,-2466.091245376079,-1.0,0.7692307692307693,0.8421052631578947,0.07287449392712542,0.09473684210526304,193.4525277435265,0.0,-193.4525277435265,-1.0,74.01334444444444,82.95454545454545,8.941201010101011,0.12080525582535206,811.0,528.0,13.0,19.0,2.0,0.0,156.89,0.0,0,0
A000000041,defect,D000000466,preventive,Production,ppm_drop,2025-12-12,2025-11-28,2025-12-11,2025-12-12,2025-12-25,defect_scope,S001,P0005,BodyLine-1,C,,1.7825311942959001,0.0,-1.7825311942959001,-1.0,1782.5311942959001,0.0,-1782.5311942959001,-1.0,0.42857142857142855,0.2,-0.22857142857142854,-0.5333333333333333,428.3778966131907,0.0,-428.3778966131907,-1.0,49.45081904761905,20.0,-29.45081904761905,-0.5955577605147279,561.0,91.0,35.0,10.0,1.0,0.0,240.32,0.0,1,1
A000000042,defect,D000000465,containment,R&D,oos_drop,2025-12-10,2025-11-26,2025-12-09,2025-12-10,2025-12-23,defect_scope,S003,P0028,ChassisLine-1,A,,1.5015015015015014,0.984251968503937,-0.5172495329975644,-0.3444881889763779,1501.5015015015015,984.251968503937,-517.2495329975645,-0.344488188976378,0.12,0.3695652173913043,0.24956521739130433,2.079710144927536,82.25225225225226,131.75196850393704,49.499716251684774,0.6018037791825859,13.272607407407406,41.40739523809524,28.134787830687834,2.119763432088399,666.0,1016.0,50.0,46.0,1.0,1.0,54.78,133.86,0,0
A000000043,defect,D000000478,containment,R&D,oos_drop,2025-12-13,2025-11-29,2025-12-12,2025-12-13,2025-12-26,defect_scope,S003,P0028,ChassisLine-1,C,,,1.574803149606299,,,,1574.8031496062993,,,,0.19047619047619047,,,,195.59055118110237,,,,27.03046153846154,,,0.0,635.0,0.0,21.0,0.0,1.0,0.0,124.2,0,1
A000000044,defect,D000000485,corrective,ManufacturingEng,ppm_drop,2025-12-18,2025-12-04,2025-12-17,2025-12-18,2025-12-31,defect_scope,S003,P0028,ChassisLine-1,B,,1.3908205841446453,0.7575757575757576,-0.6332448265688877,-0.45530303030303027,1390.8205841446452,757.5757575757576,-633.2448265688876,-0.4553030303030302,0.42857142857142855,0.18518518518518517,-0.24338624338624337,-0.5679012345679012,62.280945757997216,45.098484848484844,-17.182460909512372,-0.2758863196502768,39.563184615384614,27.07190052975576,-12.491284085628855,-0.3157299951220679,719.0,1320.0,21.0,81.0,1.0,1.0,44.78,59.53,1,0
A000000045,defect,D000000502,preventive,Production,ppm_drop,2025-12-20,2025-12-06,2025-12-19,2025-12-20,2026-01-02,defect_scope,S003,P0036,ChassisLine-1,B,,1.5282730514518594,3.1486146095717884,1.620341558119929,1.0602434928631401,1528.2730514518594,3148.6146095717886,1620.3415581199292,1.0602434928631403,0.03669724770642202,0.0821917808219178,0.04549453311549578,1.2397260273972601,294.67651553744275,393.3879093198992,98.71139378245647,0.3349822214451759,8.068203558346415,17.15762352941177,9.089419971065354,1.1265729608002402,1963.0,1588.0,109.0,73.0,3.0,5.0,578.45,624.6999999999999,0,0
A000000046,defect,D000000075,preventive,R&D,oos_drop,2025-07-29,2025-07-15,2025-07-28,2025-07-29,2025-08-11,defect_scope,S006,P0004,TrimLine-1,B,,,3.1847133757961785,,,,3184.7133757961783,,,,0.0,,,,215.73248407643314,,,,12.3548,,,0.0,314.0,0.0,8.0,0.0,1.0,0.0,67.74000000000001,0,1
A000000047,defect,D000000513,corrective,R&D,ppm_drop,2025-12-23,2025-12-09,2025-12-22,2025-12-23,2026-01-05,defect_scope,S008,P0015,ChassisLine-1,A,,2.881844380403458,0.671591672263264,-2.210252708140194,-0.7669576897246474,2881.844380403458,671.591672263264,-2210.252708140194,-0.7669576897246473,0.3055555555555556,0.18181818181818182,-0.12373737373737376,-0.40495867768595045,262.98751200768487,21.880456682337137,-241.10705532534774,-0.916800396660288,28.78597390142022,18.236892200197463,-10.549081701222757,-0.3664660343731603,1041.0,1489.0,72.0,88.0,3.0,1.0,273.77,32.58,1,0
A000000048,defect,D000000511,containment,ManufacturingEng,oos_drop,2025-12-22,2025-12-08,2025-12-21,2025-12-22,2026-01-04,defect_scope,S005,P0032,ChassisLine-1,A,,1.2953367875647668,0.9363295880149812,-0.35900719954978555,-0.27715355805243447,1295.3367875647668,936.3295880149813,-359.0071995497856,-0.27715355805243447,0.296875,0.25,-0.046875,-0.15789473684210525,147.3639896373057,107.18632958801498,-40.17766004929072,-0.27264232020439005,31.68659527910686,22.612878983172216,-9.073716295934645,-0.28635819708650007,1544.0,2136.0,64.0,92.0,2.0,2.0,227.53,228.95,1,0
A000000049,defect,D000000085,preventive,R&D,oos_drop,2025-08-02,2025-07-19,2025-08-01,2025-08-02,2025-08-15,defect_scope,S008,P0015,ChassisLine-1,A,,5.780346820809248,1.694915254237288,-4.08543156657196,-0.7067796610169491,5780.346820809248,1694.915254237288,-4085.43156657196,-0.7067796610169491,0.5454545454545454,0.24242424242424243,-0.303030303030303,-0.5555555555555555,1008.728323699422,400.26271186440675,-608.4656118350154,-0.6032006810352281,62.03565454545454,27.569883333333333,-34.46577121212121,-0.5555800364267548,173.0,1180.0,11.0,66.0,1.0,2.0,174.51,472.31,1,1
A000000050,defect,D000000525,containment,Production,oos_drop,2025-12-27,2025-12-13,2025-12-26,2025-12-27,2026-01-09,defect_scope,S001,P0001,TrimLine-1,B,,2.5706940874035986,1.6313213703099512,-0.9393727170936474,-0.3654159869494289,2570.6940874035986,1631.3213703099511,-939.3727170936475,-0.3654159869494289,0.5238095238095238,0.6666666666666666,0.1428571428571428,0.2727272727272726,465.3470437017995,357.8466557911909,-107.5003879106086,-0.2310112191869779,58.413599999999995,72.9436,14.530000000000008,0.24874344330772302,778.0,613.0,21.0,12.0,2.0,1.0,362.04,219.36,0,0
A000000051,defect,D000000417,corrective,Production,ppm_drop,2025-11-26,2025-11-12,2025-11-25,2025-11-26,2025-12-09,defect_scope,S007,P0003,BodyLine-1,A,,1.0940919037199124,1.8399264029438822,0.7458344992239698,0.6816927322907085,1094.0919037199124,1839.9264029438823,745.8344992239699,0.6816927322907086,0.03333333333333333,0.05172413793103448,0.01839080459770115,0.5517241379310345,132.10065645514223,153.33946642134316,21.238809966200932,0.16077747481454077,9.425128571428571,12.520900000000001,3.09577142857143,0.3284593313619065,914.0,1087.0,60.0,58.0,1.0,2.0,120.74,166.68,0,0
A000000052,defect,D000000419,preventive,Production,oos_drop,2025-11-29,2025-11-15,2025-11-28,2025-11-29,2025-12-12,defect_scope,S001,P0001,Final-1,B,,3.8240917782026767,4.385964912280701,0.5618731340780245,0.1469298245614034,3824.091778202677,4385.964912280701,561.8731340780246,0.14692982456140344,0.5652173913043478,0.4666666666666667,-0.09855072463768111,-0.1743589743589743,1295.3919694072658,866.7763157894736,-428.6156536177922,-0.3308771890981495,65.25734074074074,51.30166666666667,-13.955674074074075,-0.21385600325821155,523.0,456.0,23.0,15.0,2.0,2.0,677.49,395.25,0,1
A000000053,defect,D000000408,corrective,Quality,ppm_drop,2025-11-23,2025-11-09,2025-11-22,2025-11-23,2025-12-06,defect_scope,S007,P0003,BodyLine-1,B,,0.0,4.444444444444445,4.444444444444445,,0.0,4444.444444444444,4444.444444444444,,0.2692307692307692,0.07692307692307693,-0.1923076923076923,-0.7142857142857143,0.0,400.0444444444444,400.0444444444444,,21.944444444444446,18.49250769230769,-3.4519367521367563,-0.1573034469328142,321.0,225.0,26.0,13.0,0.0,1.0,0.0,90.00999999999999,0,1
A000000054,defect,D000000103,containment,Quality,oos_drop,2025-08-08,2025-07-25,2025-08-07,2025-08-08,2025-08-21,defect_scope,S003,P0036,ChassisLine-1,A,,2.8449502133712663,1.454192922927775,-1.3907572904434913,-0.48885118759088714,2844.9502133712663,1454.192922927775,-1390.7572904434912,-0.48885118759088714,0.046875,0.08695652173913043,0.04008152173913043,0.8550724637681159,185.32005689900427,273.8633058652448,88.54324896624053,0.47778556972111674,12.563164705882352,16.41291851851852,3.849753812636168,0.30643185079262936,703.0,2063.0,64.0,115.0,2.0,3.0,130.28,564.98,0,0
A000000055,defect,D000000423,corrective,ManufacturingEng,ppm_drop,2025-11-27,2025-11-13,2025-11-26,2025-11-27,2025-12-10,defect_scope,S008,P0015,ChassisLine-1,A,,2.004008016032064,0.0,-2.004008016032064,-1.0,2004.008016032064,0.0,-2004.008016032064,-1.0,0.1875,0.25,0.0625,0.3333333333333333,248.81763527054107,0.0,-248.81763527054107,-1.0,19.031073684210526,24.373626373626372,5.342552689415847,0.2807278652832074,998.0,1092.0,64.0,60.0,2.0,0.0,248.32,0.0,0,0
A000000056,defect,D000000440,containment,Quality,ppm_drop,2025-12-03,2025-11-19,2025-12-02,2025-12-03,2025-12-16,defect_scope,S008,P0015,ChassisLine-1,C,,0.9900990099009901,0.0,-0.9900990099009901,-1.0,990.0990099009902,0.0,-990.0990099009902,-1.0,0.05,0.3076923076923077,0.2576923076923077,5.153846153846154,211.74257425742576,0.0,-211.74257425742576,-1.0,9.020138927738929,28.75,19.729861072261073,2.187312327483934,1010.0,409.0,40.0,26.0,1.0,0.0,213.86,0.0,0,1
A000000057,defect,D000000452,containment,Quality,ppm_drop,2025-12-05,2025-11-21,2025-12-04,2025-12-05,2025-12-18,defect_scope,S001,P0001,TrimLine-1,A,,,1.4705882352941175,,,,1470.5882352941176,,,,0.8148148148148148,,,,268.5882352941176,,,,84.0324148148148,,,0.0,680.0,0.0,27.0,0.0,1.0,0.0,182.64,0,1
A000000058,defect,D000000375,corrective,ManufacturingEng,ppm_drop,2025-11-17,2025-11-03,2025-11-16,2025-11-17,2025-11-30,defect_scope,S001,P0033,BodyLine-2,B,,0.9624639076034649,0.0,-0.9624639076034649,-1.0,962.4639076034649,0.0,-962.4639076034649,-1.0,0.06349206349206349,0.0,-0.06349206349206349,-1.0,109.7786333012512,0.0,-109.7786333012512,-1.0,9.25624,0.0,-9.25624,-1.0,1039.0,622.0,63.0,40.0,1.0,0.0,114.06,0.0,1,0
A000000059,defect,D000000397,containment,Quality,ppm_drop,2025-11-22,2025-11-08,2025-11-21,2025-11-22,2025-12-05,defect_scope,S005,P0032,ChassisLine-1,B,,1.371742112482853,0.0,-1.371742112482853,-1.0,1371.7421124828531,0.0,-1371.7421124828531,-1.0,0.20689655172413793,0.8333333333333334,0.6264367816091955,3.027777777777778,123.05898491083678,0.0,-123.05898491083678,-1.0,23.55084946211683,88.48214285714286,64.93129339502603,2.757067998734929,1458.0,675.0,87.0,30.0,2.0,0.0,179.42000000000002,0.0,0,0
A000000060,defect,D000000391,containment,Quality,ppm_drop,2025-11-19,2025-11-05,2025-11-18,2025-11-19,2025-12-02,defect_scope,S001,P0001,Final-1,B,,3.656307129798903,3.6832412523020257,0.02693412250312255,0.007366482504604017,3656.307129798903,3683.2412523020257,26.93412250312258,0.007366482504604026,0.4444444444444444,0.5217391304347826,0.07729468599033817,0.1739130434782609,1481.3711151736745,469.06077348066293,-1012.3103416930117,-0.6833603891178406,54.48143174603174,55.549851851851855,1.0684201058201168,0.019610720048632665,547.0,543.0,18.0,23.0,2.0,2.0,810.31,254.7,0,0
A000000061,defect,D000000379,corrective,Production,oos_drop,2025-11-15,2025-11-01,2025-11-14,2025-11-15,2025-11-28,defect_scope,S008,P0015,ChassisLine-1,A,,2.2522522522522523,1.2165450121654502,-1.0357072400868022,-0.45985401459854014,2252.252252252252,1216.54501216545,-1035.7072400868021,-0.45985401459854014,0.5054945054945055,0.1694915254237288,-0.33600298007077667,-0.664701547531319,241.9988738738739,241.3503649635036,-0.6485089103702819,-0.002679801356052073,58.71271485025696,17.49946879699248,-41.21324605326448,-0.7019475450654298,1776.0,822.0,91.0,59.0,4.0,1.0,429.79,198.39,1,0
A000000062,defect,D000000372,corrective,SupplierQuality,oos_drop,2025-11-14,2025-10-31,2025-11-13,2025-11-14,2025-11-27,defect_scope,S003,P0014,Final-1,A,,1.5360983102918586,0.0,-1.5360983102918586,-1.0,1536.0983102918588,0.0,-1536.0983102918588,-1.0,0.027777777777777776,0.0,-0.027777777777777776,-1.0,165.02304147465438,0.0,-165.02304147465438,-1.0,3.809877272727273,0.0,-3.809877272727273,-1.0,651.0,360.0,36.0,12.0,1.0,0.0,107.43,0.0,1,1
A000000063,defect,D000000159,containment,Production,ppm_drop,2025-08-23,2025-08-09,2025-08-22,2025-08-23,2025-09-05,defect_scope,S010,P0025,Final-1,B,,0.0,4.149377593360996,4.149377593360996,,0.0,4149.377593360996,4149.377593360996,,0.0,0.0,0.0,,0.0,1315.6431535269712,1315.6431535269712,,0.0,12.3414,12.3414,,239.0,241.0,17.0,10.0,0.0,1.0,0.0,317.07000000000005,0,1
A000000064,defect,D000000366,preventive,Production,ppm_drop,2025-11-14,2025-10-31,2025-11-13,2025-11-14,2025-11-27,defect_scope,S001,P0021,ChassisLine-1,C,,2.247191011235955,0.0,-2.247191011235955,-1.0,2247.191011235955,0.0,-2247.191011235955,-1.0,0.045454545454545456,0.0,-0.045454545454545456,-1.0,332.314606741573,0.0,-332.314606741573,-1.0,10.145466666666666,0.0,-10.145466666666666,-1.0,445.0,298.0,22.0,16.0,1.0,0.0,147.88,0.0,1,1
A000000065,defect,D000000361,preventive,SupplierQuality,ppm_drop,2025-11-08,2025-10-25,2025-11-07,2025-11-08,2025-11-21,defect_scope,S007,P0003,BodyLine-1,B,,,1.567398119122257,,,,1567.398119122257,,,,0.16279069767441862,,,,193.2131661442006,,,,18.451429629629633,,,0.0,638.0,0.0,43.0,0.0,1.0,0.0,123.27,0,1
A000000066,defect,D000000365,preventive,R&D,oos_drop,2025-11-11,2025-10-28,2025-11-10,2025-11-11,2025-11-24,defect_scope,S007,P0013,ChassisLine-1,C,,1.7761989342806395,0.0,-1.7761989342806395,-1.0,1776.1989342806396,0.0,-1776.1989342806396,-1.0,0.04,0.0,-0.04,-1.0,86.46536412078153,0.0,-86.46536412078153,-1.0,11.332953846153845,0.0,-11.332953846153845,-1.0,563.0,342.0,25.0,15.0,1.0,0.0,48.68,0.0,1,1
A000000067,defect,D000000373,corrective,SupplierQuality,ppm_drop,2025-11-14,2025-10-31,2025-11-13,2025-11-14,2025-11-27,defect_scope,S008,P0015,ChassisLine-1,C,,5.617977528089887,0.0,-5.617977528089887,-1.0,5617.9775280898875,0.0,-5617.9775280898875,-1.0,0.6,0.07692307692307693,-0.523076923076923,-0.8717948717948717,709.1573033707864,0.0,-709.1573033707864,-1.0,70.85793333333334,7.6923076923076925,-63.16562564102564,-0.8914404170367041,356.0,362.0,30.0,13.0,2.0,0.0,252.45999999999998,0.0,1,1
A000000068,defect,D000000360,corrective,ManufacturingEng,oos_drop,2025-11-08,2025-10-25,2025-11-07,2025-11-08,2025-11-21,defect_scope,S005,P0032,ChassisLine-1,C,,0.0,2.2675736961451247,2.2675736961451247,,0.0,2267.573696145125,2267.573696145125,,0.42105263157894735,0.6428571428571429,0.22180451127819556,0.5267857142857145,0.0,873.1519274376417,873.1519274376417,,42.22222222222222,77.98691428571429,35.76469206349207,0.8470584962406017,411.0,441.0,19.0,14.0,0.0,1.0,0.0,385.06,0,1
A000000069,defect,D000000145,corrective,SupplierQuality,ppm_drop,2025-08-21,2025-08-07,2025-08-20,2025-08-21,2025-09-03,defect_scope,S003,P0036,ChassisLine-1,A,,2.127659574468085,4.291845493562231,2.1641859190941464,1.0171673819742488,2127.6595744680853,4291.845493562232,2164.185919094147,1.0171673819742488,0.08264462809917356,0.18181818181818182,0.09917355371900827,1.2,335.8191489361702,382.44635193133047,46.627202995160246,0.1388461710503077,17.004829629629633,34.26515555555555,17.26032592592592,1.0150249253806756,1880.0,932.0,121.0,33.0,4.0,4.0,631.34,356.44,0,0
A000000070,defect,D000000143,containment,Quality,ppm_drop,2025-08-19,2025-08-05,2025-08-18,2025-08-19,2025-09-01,defect_scope,S007,P0013,ChassisLine-1,B,,0.0,1.1862396204033216,1.1862396204033216,,0.0,1186.2396204033216,1186.2396204033216,,0.0,0.0,0.0,,0.0,263.00118623962044,263.00118623962044,,0.0,3.478066666666667,3.478066666666667,,1024.0,843.0,45.0,38.0,0.0,1.0,0.0,221.71,0,0
A000000071,defect,D000000353,containment,ManufacturingEng,ppm_drop,2025-11-10,2025-10-27,2025-11-09,2025-11-10,2025-11-23,defect_scope,S006,P0019,BodyLine-2,A,,1.5015015015015014,0.0,-1.5015015015015014,-1.0,1501.5015015015015,0.0,-1501.5015015015015,-1.0,0.02631578947368421,0.0,-0.02631578947368421,-1.0,381.0810810810811,0.0,-381.0810810810811,-1.0,7.918952380952382,0.0,-7.918952380952382,-1.0,666.0,1263.0,38.0,70.0,1.0,0.0,253.8,0.0,1,0
A000000072,defect,D000000403,containment,ManufacturingEng,scrap_cost_drop,2025-11-25,2025-11-11,2025-11-24,2025-11-25,2025-12-08,defect_scope,S001,P0018,TrimLine-1,A,,1.021450459652707,0.0,-1.021450459652707,-1.0,1021.4504596527069,0.0,-1021.4504596527069,-1.0,0.4117647058823529,0.5,0.08823529411764708,0.21428571428571436,89.93871297242084,0.0,-89.93871297242084,-1.0,32.47588888888888,50.0,17.524111111111118,0.5396037402106866,979.0,368.0,17.0,4.0,1.0,0.0,88.05000000000001,0.0,0,1
A000000073,defect,D000000406,containment,SupplierQuality,oos_drop,2025-11-25,2025-11-11,2025-11-24,2025-11-25,2025-12-08,defect_scope,S006,P0020,ChassisLine-1,A,,0.4646840148698885,0.0,-0.4646840148698885,-1.0,464.6840148698885,0.0,-464.6840148698885,-1.0,0.014705882352941176,0.02564102564102564,0.010935143288084464,0.7435897435897435,25.604089219330856,0.0,-25.604089219330856,-1.0,2.7210833333333335,6.851851851851852,4.130768518518519,1.5180602769185747,2152.0,806.0,136.0,39.0,1.0,0.0,55.1,0.0,0,0
A000000074,defect,D000000128,containment,R&D,ppm_drop,2025-08-15,2025-08-01,2025-08-14,2025-08-15,2025-08-28,defect_scope,S006,P0031,BodyLine-2,A,,0.0,3.929273084479371,3.929273084479371,,0.0,3929.273084479371,3929.273084479371,,0.27450980392156865,0.6666666666666666,0.392156862745098,1.4285714285714282,0.0,411.532416502947,411.532416502947,,26.006191950464395,71.91498518518519,45.90879323472079,1.7653024065255734,497.0,509.0,51.0,45.0,0.0,2.0,0.0,209.47,0,1
A000000075,defect,D000000453,containment,SupplierQuality,oos_drop,2025-12-10,2025-11-26,2025-12-09,2025-12-10,2025-12-23,defect_scope,S005,P0032,ChassisLine-1,C,,3.115264797507788,,,,3115.264797507788,,,,0.6363636363636364,,,,434.04984423676007,,,,75.42296363636363,,,,321.0,0.0,11.0,0.0,1.0,0.0,139.32999999999998,0.0,0,1
A000000076,defect,D000000327,corrective,Production,ppm_drop,2025-11-01,2025-10-18,2025-10-31,2025-11-01,2025-11-14,defect_scope,S001,P0001,Final-1,B,,2.336448598130841,2.9644268774703555,0.6279782793395143,0.26877470355731214,2336.4485981308408,2964.4268774703555,627.9782793395148,0.26877470355731237,0.5833333333333334,0.21875,-0.36458333333333337,-0.625,213.97196261682242,575.1877470355732,361.2157844187508,1.6881453999915412,65.4158,31.381589971139974,-34.03421002886003,-0.5202750716013567,428.0,1012.0,12.0,32.0,1.0,3.0,91.58,582.09,0,1
A000000077,defect,D000000324,corrective,Quality,ppm_drop,2025-11-01,2025-10-18,2025-10-31,2025-11-01,2025-11-14,defect_scope,S001,P0018,TrimLine-1,A,,4.048582995951417,,,,4048.582995951417,,,,0.75,,,,364.9392712550607,,,,80.8028,,,,247.0,0.0,4.0,0.0,1.0,0.0,90.14,0.0,0,1
A000000078,defect,D000000349,containment,Production,oos_drop,2025-11-09,2025-10-26,2025-11-08,2025-11-09,2025-11-22,defect_scope,S008,P0015,ChassisLine-1,C,,2.197802197802198,1.694915254237288,-0.5028869435649099,-0.228813559322034,2197.802197802198,1694.915254237288,-502.88694356490987,-0.22881355932203398,0.3076923076923077,0.28,-0.027692307692307683,-0.08999999999999997,366.37362637362634,145.3559322033898,-221.01769417023652,-0.6032576535540349,39.50033333333333,35.203753846153845,-4.296579487179486,-0.10877324631470163,455.0,590.0,39.0,25.0,1.0,1.0,166.7,85.75999999999999,1,1
A000000079,defect,D000000345,containment,Production,ppm_drop,2025-11-07,2025-10-24,2025-11-06,2025-11-07,2025-11-20,defect_scope,S007,P0013,ChassisLine-1,B,,0.6265664160401002,1.1049723756906078,0.4784059596505076,0.7635359116022101,626.5664160401002,1104.9723756906078,478.4059596505076,0.7635359116022102,0.014705882352941176,0.0,-0.014705882352941176,-1.0,78.20175438596492,75.40331491712706,-2.7984394688378558,-0.03578486813769103,3.304922222222222,5.1216,1.816677777777778,0.5496885117484696,1596.0,905.0,68.0,37.0,1.0,1.0,124.81,68.24,0,0
A000000080,defect,D000000183,corrective,ManufacturingEng,ppm_drop,2025-08-29,2025-08-15,2025-08-28,2025-08-29,2025-09-11,defect_scope,S012,P0022,ChassisLine-1,A,,0.7945967421533572,0.831946755407654,0.037350013254296766,0.04700499168053248,794.5967421533571,831.9467554076539,37.350013254296755,0.04700499168053247,0.06896551724137931,0.023255813953488372,-0.04570970328789094,-0.6627906976744186,160.29797377830752,86.78036605657239,-73.51760772173513,-0.458630923329138,12.808307352941178,4.438216666666667,-8.37009068627451,-0.6534892125580108,2517.0,1202.0,116.0,43.0,2.0,1.0,403.47,104.31,0,0
A000000081,defect,D000000194,containment,Quality,scrap_cost_drop,2025-09-05,2025-08-22,2025-09-04,2025-09-05,2025-09-18,defect_scope,S005,P0032,ChassisLine-1,A,,1.4275517487508922,0.88261253309797,-0.5449392156529221,-0.381729920564872,1427.5517487508923,882.6125330979701,-544.9392156529223,-0.38172992056487204,0.2,0.18518518518518517,-0.014814814814814836,-0.07407407407407418,206.88079942897926,142.9479258605472,-63.93287356843206,-0.3090324174350446,22.948753939393935,19.70737167627694,-3.2413822631169964,-0.14124436872159865,1401.0,1133.0,65.0,81.0,2.0,1.0,289.84,161.95999999999998,1,0
A000000082,defect,D000000307,corrective,R&D,ppm_drop,2025-10-21,2025-10-07,2025-10-20,2025-10-21,2025-11-03,defect_scope,S005,P0027,TrimLine-1,A,,,1.0695187165775402,,,,1069.51871657754,,,,0.375,,,,97.59358288770053,,,,41.33720238095238,,,0.0,935.0,0.0,24.0,0.0,1.0,0.0,91.25,0,1
A000000083,defect,D000000301,containment,Production,scrap_cost_drop,2025-10-19,2025-10-05,2025-10-18,2025-10-19,2025-11-01,defect_scope,S012,P0022,ChassisLine-1,A,,0.0,1.7436791630340018,1.7436791630340018,,0.0,1743.6791630340017,1743.6791630340017,,0.0,0.08256880733944955,0.08256880733944955,,0.0,164.14995640802093,164.14995640802093,,0.8333333333333334,17.053659819879368,16.220326486546035,19.46439178385524,1632.0,2294.0,83.0,109.0,0.0,4.0,0.0,376.56,0,0
A000000084,defect,D000000191,corrective,Production,ppm_drop,2025-09-02,2025-08-19,2025-09-01,2025-09-02,2025-09-15,defect_scope,S011,P0009,BodyLine-2,A,,0.0,1.122334455667789,1.122334455667789,,0.0,1122.3344556677891,1122.3344556677891,,0.1095890410958904,0.1836734693877551,0.0740844282918647,0.6760204081632655,0.0,133.9506172839506,133.9506172839506,,11.333333333333332,19.531951824004455,8.198618490671123,0.7234075138827463,882.0,891.0,73.0,49.0,0.0,1.0,0.0,119.35,0,0
A000000085,defect,D000000277,containment,ManufacturingEng,ppm_drop,2025-10-12,2025-09-28,2025-10-11,2025-10-12,2025-10-25,defect_scope,S005,P0027,TrimLine-1,C,,3.054989816700611,0.0,-3.054989816700611,-1.0,3054.989816700611,0.0,-3054.989816700611,-1.0,0.34615384615384615,0.75,0.40384615384615385,1.1666666666666667,689.0529531568229,0.0,-689.0529531568229,-1.0,43.32268831168832,80.0,36.67731168831168,0.8466074733043809,982.0,232.0,26.0,8.0,3.0,0.0,676.6500000000001,0.0,0,1
A000000086,defect,D000000280,containment,SupplierQuality,ppm_drop,2025-10-14,2025-09-30,2025-10-13,2025-10-14,2025-10-27,defect_scope,S001,P0018,TrimLine-1,C,,1.4124293785310735,1.6207455429497568,0.20831616441868328,0.14748784440842774,1412.4293785310736,1620.7455429497568,208.31616441868323,0.14748784440842772,0.2,0.5,0.3,1.4999999999999998,311.7231638418079,45.64019448946515,-266.08296935234273,-0.8535874141434466,22.957,49.036218181818185,26.079218181818185,1.1360028828600508,708.0,617.0,15.0,22.0,1.0,1.0,220.7,28.16,0,0
A000000087,defect,D000000264,preventive,Quality,scrap_cost_drop,2025-10-06,2025-09-22,2025-10-05,2025-10-06,2025-10-19,defect_scope,S001,P0005,BodyLine-2,A,,0.0,0.9560229445506692,0.9560229445506692,,0.0,956.0229445506692,956.0229445506692,,0.0,0.18518518518518517,0.18518518518518517,,0.0,194.68451242829826,194.68451242829826,,0.0,22.46462857142857,22.46462857142857,,93.0,1046.0,10.0,54.0,0.0,1.0,0.0,203.64,0,1
A000000088,defect,D000000273,containment,Quality,ppm_drop,2025-10-14,2025-09-30,2025-10-13,2025-10-14,2025-10-27,defect_scope,S003,P0028,ChassisLine-1,A,,1.026694045174538,1.0810810810810811,0.054387035906543035,0.05297297297297291,1026.6940451745381,1081.081081081081,54.387035906542906,0.052972972972972786,0.11666666666666667,0.11666666666666667,0.0,0.0,83.33675564681725,154.65945945945944,71.32270381264219,0.8558372984293888,11.68362777777778,11.941936969696972,0.2583091919191922,0.022108646118502287,974.0,925.0,60.0,60.0,1.0,1.0,81.17,143.05999999999997,0,0
A000000089,defect,D000000269,preventive,Quality,ppm_drop,2025-10-09,2025-09-25,2025-10-08,2025-10-09,2025-10-22,defect_scope,S005,P0032,ChassisLine-1,B,,0.7479431563201197,0.0,-0.7479431563201197,-1.0,747.9431563201197,0.0,-747.9431563201197,-1.0,0.2878787878787879,0.47058823529411764,0.18270944741532974,0.6346749226006191,35.86387434554974,0.0,-35.86387434554974,-1.0,26.636424381466487,47.05882352941176,20.422399147945274,0.7667094823040549,1337.0,191.0,66.0,17.0,1.0,0.0,47.95,0.0,0,1
A000000090,defect,D000000270,preventive,ManufacturingEng,scrap_cost_drop,2025-10-09,2025-09-25,2025-10-08,2025-10-09,2025-10-22,defect_scope,S011,P0009,BodyLine-1,A,,3.484320557491289,1.2706480304955527,-2.2136725269957362,-0.6353240152477764,3484.320557491289,1270.6480304955528,-2213.672526995736,-0.6353240152477763,0.13043478260869565,0.25,0.11956521739130435,0.9166666666666667,549.0243902439024,256.13722998729355,-292.88716025660887,-0.5334683949587279,15.274112698412697,23.232755555555553,7.958642857142856,0.5210543495577276,287.0,787.0,23.0,48.0,1.0,1.0,157.57,201.58,0,1
A000000091,defect,D000000185,corrective,Quality,scrap_cost_drop,2025-09-03,2025-08-20,2025-09-02,2025-09-03,2025-09-16,defect_scope,S006,P0034,BodyLine-2,A,,1.0845986984815619,0.0,-1.0845986984815619,-1.0,1084.5986984815618,0.0,-1084.5986984815618,-1.0,0.16470588235294117,0.03225806451612903,-0.13244781783681214,-0.804147465437788,110.15726681127983,0.0,-110.15726681127983,-1.0,16.698108403361346,4.166666666666666,-12.53144173669468,-0.750470738001203,1844.0,496.0,85.0,31.0,2.0,0.0,203.13,0.0,1,1
A000000092,defect,D000000190,corrective,ManufacturingEng,oos_drop,2025-09-05,2025-08-22,2025-09-04,2025-09-05,2025-09-18,defect_scope,S001,P0018,TrimLine-1,C,,10.752688172043012,,,,10752.688172043012,,,,0.5714285714285714,,,,3300.215053763441,,,,69.28125714285714,,,,93.0,0.0,7.0,0.0,1.0,0.0,306.92,0.0,0,1
A000000093,defect,D000000193,containment,SupplierQuality,oos_drop,2025-09-03,2025-08-20,2025-09-02,2025-09-03,2025-09-16,defect_scope,S005,P0027,TrimLine-1,C,,3.9840637450199203,,,,3984.06374501992,,,,0.5,,,,177.13147410358565,,,,54.8892,,,,251.0,0.0,6.0,0.0,1.0,0.0,44.46,0.0,0,1
A000000094,defect,D000000296,corrective,SupplierQuality,ppm_drop,2025-10-19,2025-10-05,2025-10-18,2025-10-19,2025-11-01,defect_scope,S005,P0027,TrimLine-1,B,,2.2727272727272725,,,,2272.7272727272725,,,,0.25,,,,128.5909090909091,,,,35.1316,,,,440.0,0.0,4.0,0.0,1.0,0.0,56.58,0.0,0,1
A000000095,defect,D000000252,corrective,Quality,ppm_drop,2025-09-29,2025-09-15,2025-09-28,2025-09-29,2025-10-12,defect_scope,S001,P0018,Final-1,B,,4.504504504504505,0.0,-4.504504504504505,-1.0,4504.504504504504,0.0,-4504.504504504504,-1.0,0.35714285714285715,0.5454545454545454,0.18831168831168826,0.5272727272727271,566.8018018018018,0.0,-566.8018018018018,-1.0,38.738822222222225,54.54545454545454,15.806632323232314,0.40803079227754535,444.0,205.0,14.0,11.0,2.0,0.0,251.66,0.0,0,1
A000000096,defect,D000000260,preventive,Production,ppm_drop,2025-10-04,2025-09-20,2025-10-03,2025-10-04,2025-10-17,defect_scope,S007,P0013,ChassisLine-1,B,,0.7230657989877078,0.0,-0.7230657989877078,-1.0,723.0657989877079,0.0,-723.0657989877079,-1.0,0.0,0.0,0.0,,177.87418655097613,0.0,-177.87418655097613,-1.0,2.73,0.0,-2.73,-1.0,1383.0,1661.0,47.0,93.0,1.0,0.0,246.0,0.0,1,0
A000000097,defect,D000000246,preventive,ManufacturingEng,ppm_drop,2025-09-27,2025-09-13,2025-09-26,2025-09-27,2025-10-10,defect_scope,S007,P0008,ChassisLine-1,A,,0.6944444444444444,0.0,-0.6944444444444444,-1.0,694.4444444444445,0.0,-694.4444444444445,-1.0,0.0,0.0,0.0,,104.05555555555556,0.0,-104.05555555555556,-1.0,1.79936,0.0,-1.79936,-1.0,1440.0,1255.0,66.0,59.0,1.0,0.0,149.84,0.0,1,0
A000000098,defect,D000000228,corrective,SupplierQuality,oos_drop,2025-09-15,2025-09-01,2025-09-14,2025-09-15,2025-09-28,defect_scope,S007,P0007,BodyLine-2,A,,0.0,1.4970059880239521,1.4970059880239521,,0.0,1497.005988023952,1497.005988023952,,0.0,0.11764705882352941,0.11764705882352941,,0.0,155.23952095808383,155.23952095808383,,0.0,13.353642701525054,13.353642701525054,,819.0,668.0,52.0,34.0,0.0,1.0,0.0,103.7,0,0
A000000099,defect,D000000224,containment,Quality,ppm_drop,2025-09-17,2025-09-03,2025-09-16,2025-09-17,2025-09-30,defect_scope,S005,P0032,ChassisLine-1,A,,1.314060446780552,0.7547169811320754,-0.5593434656484765,-0.4256603773584906,1314.060446780552,754.7169811320755,-559.3434656484765,-0.42566037735849055,0.16279069767441862,0.16129032258064516,-0.0015003750937734595,-0.009216589861751251,212.82522996057816,283.3962264150943,70.57099645451615,0.33159130835938994,19.034741724941725,16.935877192982456,-2.0988645319592685,-0.1102649335771691,761.0,1325.0,43.0,93.0,1.0,1.0,161.95999999999998,375.5,1,0
A000000100,defect,D000000210,containment,ManufacturingEng,oos_drop,2025-09-11,2025-08-28,2025-09-10,2025-09-11,2025-09-24,defect_scope,S010,P0002,Final-1,A,,1.953125,,,,1953.125,,,,0.0,,,,274.853515625,,,,4.543,,,,1024.0,0.0,22.0,0.0,2.0,0.0,281.45,0.0,0,1
A000000101,defect,D000000234,containment,SupplierQuality,ppm_drop,2025-09-23,2025-09-09,2025-09-22,2025-09-23,2025-10-06,defect_scope,S003,P0036,ChassisLine-1,C,,2.081165452653486,0.0,-2.081165452653486,-1.0,2081.165452653486,0.0,-2081.165452653486,-1.0,0.0,0.023255813953488372,0.023255813953488372,,286.0561914672216,0.0,-286.0561914672216,-1.0,5.1659999999999995,3.0303030303030307,-2.1356969696969688,-0.4134140475603889,961.0,914.0,50.0,43.0,2.0,0.0,274.9,0.0,1,0
A000000102,defect,D000000611,containment,SupplierQuality,ppm_drop,2026-01-30,2026-01-16,2026-01-29,2026-01-30,2026-02-12,defect_scope,S010,P0025,Final-1,C,,12.658227848101266,,,,12658.227848101265,,,,0.0,,,,1413.7974683544303,,,,12.4676,,,,158.0,0.0,10.0,0.0,2.0,0.0,223.38,0.0,0,1
A000000103,defect,D000000199,containment,Quality,ppm_drop,2025-09-03,2025-08-20,2025-09-02,2025-09-03,2025-09-16,defect_scope,S011,P0011,TrimLine-1,A,,0.0,1.461988304093567,1.461988304093567,,0.0,1461.9883040935672,1461.9883040935672,,0.15384615384615385,0.2571428571428571,0.10329670329670326,0.6714285714285712,0.0,141.4766081871345,141.4766081871345,,14.285714285714285,28.67567258297258,14.389958297258296,1.0072970808080808,676.0,1368.0,13.0,35.0,0.0,2.0,0.0,193.54000000000002,0,0
A000000104,defect,D000000612,containment,Quality,scrap_cost_drop,2026-01-30,2026-01-16,2026-01-29,2026-01-30,2026-02-12,defect_scope,S010,P0025,Final-1,C,,12.658227848101266,,,,12658.227848101265,,,,0.0,,,,1413.7974683544303,,,,12.4676,,,,158.0,0.0,10.0,0.0,2.0,0.0,223.38,0.0,0,1
A000000105,defect,D000000613,preventive,SupplierQuality,ppm_drop,2026-01-29,2026-01-15,2026-01-28,2026-01-29,2026-02-11,defect_scope,S008,P0015,ChassisLine-1,A,,0.7552870090634441,,,,755.2870090634441,,,,0.15476190476190477,,,,56.57854984894259,,,,16.188635215311002,,,,1324.0,0.0,84.0,0.0,1.0,0.0,74.91,0.0,0,1
A000000106,defect,D000000034,corrective,Production,oos_drop,2025-07-12,2025-06-28,2025-07-11,2025-07-12,2025-07-25,defect_scope,S006,P0034,BodyLine-2,A,,,0.9025270758122744,,,,902.5270758122743,,,,0.0,,,,165.50541516245488,,,,2.4169,,,0.0,1108.0,0.0,51.0,0.0,1.0,0.0,183.38,0,1
A000000107,defect,D000000026,containment,Quality,ppm_drop,2025-07-09,2025-06-25,2025-07-08,2025-07-09,2025-07-22,defect_scope,S008,P0015,ChassisLine-1,A,,2.6246719160104988,2.292263610315186,-0.33240830569531266,-0.12664756446991413,2624.6719160104985,2292.2636103151863,-332.40830569531227,-0.126647564469914,0.30612244897959184,0.45901639344262296,0.15289394446303112,0.4994535519125683,232.41469816272965,280.1489971346705,47.73429897194083,0.2053841661017443,39.582783068783066,46.98896094276094,7.4061778739778745,0.18710604206652542,762.0,1745.0,49.0,61.0,2.0,4.0,177.1,488.86,0,0
A000000108,defect,D000000038,containment,ManufacturingEng,scrap_cost_drop,2025-07-17,2025-07-03,2025-07-16,2025-07-17,2025-07-30,defect_scope,S001,P0001,Final-1,B,,3.102378490175801,2.941176470588235,-0.16120201958756608,-0.05196078431372547,3102.3784901758013,2941.176470588235,-161.20201958756616,-0.05196078431372549,0.4444444444444444,0.6666666666666666,0.2222222222222222,0.5,488.03516028955534,360.44117647058823,-127.5939838189671,-0.26144424459759114,47.38887077922078,71.11766666666665,23.72879588744587,0.5007250752607202,967.0,340.0,27.0,6.0,3.0,1.0,471.93,122.55,0,1
A000000109,defect,D000000027,containment,R&D,ppm_drop,2025-07-12,2025-06-28,2025-07-11,2025-07-12,2025-07-25,defect_scope,S001,P0001,TrimLine-1,B,,3.9840637450199203,,,,3984.06374501992,,,,1.0,,,,391.51394422310756,,,,105.9654,,,,251.0,0.0,8.0,0.0,1.0,0.0,98.27,0.0,0,1
A000000110,defect,D000000015,corrective,Quality,oos_drop,2025-07-06,2025-06-22,2025-07-05,2025-07-06,2025-07-19,defect_scope,S003,P0014,TrimLine-1,B,,,1.288659793814433,,,,1288.659793814433,,,,0.0625,,,,122.5,,,,7.9506,,,0.0,776.0,0.0,16.0,0.0,1.0,0.0,95.06,0,1
A000000111,defect,D000000021,containment,SupplierQuality,ppm_drop,2025-07-10,2025-06-26,2025-07-09,2025-07-10,2025-07-23,defect_scope,S011,P0009,BodyLine-1,B,,3.1746031746031744,0.0,-3.1746031746031744,-1.0,3174.6031746031745,0.0,-3174.6031746031745,-1.0,0.043478260869565216,0.0,-0.043478260869565216,-1.0,609.1746031746031,0.0,-609.1746031746031,-1.0,8.765053846153846,0.0,-8.765053846153846,-1.0,315.0,480.0,23.0,24.0,1.0,0.0,191.89,0.0,1,1
A000000112,defect,D000000012,preventive,ManufacturingEng,scrap_cost_drop,2025-07-05,2025-06-21,2025-07-04,2025-07-05,2025-07-18,defect_scope,S007,P0008,ChassisLine-1,A,,,1.3477088948787064,,,,1347.7088948787064,,,,0.0,,,,213.19407008086253,,,,3.5819,,,0.0,742.0,0.0,31.0,0.0,1.0,0.0,158.19,0,1
A000000113,defect,D000000052,corrective,Production,ppm_drop,2025-07-19,2025-07-05,2025-07-18,2025-07-19,2025-08-01,defect_scope,S009,P0030,TrimLine-1,B,,0.0,2.207505518763797,2.207505518763797,,0.0,2207.5055187637968,2207.5055187637968,,0.0,0.0,0.0,,0.0,192.80353200883002,192.80353200883002,,0.0,2.8734,2.8734,,288.0,453.0,10.0,21.0,0.0,1.0,0.0,87.34,0,1
A000000114,defect,D000000541,corrective,Quality,ppm_drop,2026-01-03,2025-12-20,2026-01-02,2026-01-03,2026-01-16,defect_scope,S008,P0015,ChassisLine-1,B,,0.0,2.3584905660377355,2.3584905660377355,,0.0,2358.490566037736,2358.490566037736,,0.08,0.20454545454545456,0.12454545454545456,1.5568181818181819,0.0,338.3962264150943,338.3962264150943,,7.6923076923076925,28.628491592617905,20.936183900310212,2.7217039070403275,1018.0,848.0,50.0,44.0,0.0,2.0,0.0,286.96,0,0
A000000115,defect,D000000542,containment,Quality,ppm_drop,2026-01-07,2025-12-24,2026-01-06,2026-01-07,2026-01-20,defect_scope,S007,P0016,BodyLine-2,B,,2.2624434389140275,0.0,-2.2624434389140275,-1.0,2262.4434389140274,0.0,-2262.4434389140274,-1.0,0.0,0.0,0.0,,277.0135746606335,0.0,-277.0135746606335,-1.0,2.1496,0.0,-2.1496,-1.0,442.0,301.0,42.0,17.0,1.0,0.0,122.44,0.0,1,1
A000000116,defect,D000000528,preventive,Quality,scrap_cost_drop,2025-12-31,2025-12-17,2025-12-30,2025-12-31,2026-01-13,defect_scope,S003,P0036,ChassisLine-1,C,,7.326007326007326,0.0,-7.326007326007326,-1.0,7326.007326007326,0.0,-7326.007326007326,-1.0,0.5714285714285714,0.0,-0.5714285714285714,-1.0,994.0293040293041,0.0,-994.0293040293041,-1.0,75.57025714285714,0.0,-75.57025714285714,-1.0,273.0,112.0,14.0,17.0,2.0,0.0,271.37,0.0,1,1
A000000117,defect,D000000533,containment,Production,oos_drop,2026-01-02,2025-12-19,2026-01-01,2026-01-02,2026-01-15,defect_scope,S003,P0028,ChassisLine-1,A,,1.9230769230769231,0.8857395925597874,-1.0373373305171358,-0.5394154118689106,1923.076923076923,885.7395925597874,-1037.3373305171358,-0.5394154118689106,0.1111111111111111,0.19148936170212766,0.08037825059101655,0.723404255319149,235.9615384615385,69.40655447298495,-166.55498398855354,-0.7058564928610255,23.636,17.463228571428573,-6.172771428571426,-0.26115973212774696,1040.0,1129.0,36.0,47.0,2.0,1.0,245.40000000000003,78.36000000000001,1,0
A000000118,defect,D000000534,corrective,ManufacturingEng,scrap_cost_drop,2026-01-04,2025-12-21,2026-01-03,2026-01-04,2026-01-17,defect_scope,S007,P0016,BodyLine-1,A,,1.010611419909045,0.0,-1.010611419909045,-1.0,1010.611419909045,0.0,-1010.611419909045,-1.0,0.0,0.0,0.0,,150.29813036887316,0.0,-150.29813036887316,-1.0,2.3248,0.0,-2.3248,-1.0,1979.0,1677.0,76.0,88.0,2.0,0.0,297.44,0.0,1,0
A000000119,defect,D000000100,containment,ManufacturingEng,oos_drop,2025-08-09,2025-07-26,2025-08-08,2025-08-09,2025-08-22,defect_scope,S001,P0033,BodyLine-2,A,,4.329004329004329,0.0,-4.329004329004329,-1.0,4329.004329004329,0.0,-4329.004329004329,-1.0,0.0,0.0,0.0,,255.8008658008658,0.0,-255.8008658008658,-1.0,2.5909,0.0,-2.5909,-1.0,231.0,450.0,26.0,37.0,1.0,0.0,59.09,0.0,1,1
A000000120,defect,D000000102,corrective,SupplierQuality,ppm_drop,2025-08-11,2025-07-28,2025-08-10,2025-08-11,2025-08-24,defect_scope,S010,P0025,Final-1,B,,1.5873015873015872,2.0833333333333335,0.49603174603174627,0.31250000000000017,1587.3015873015872,2083.3333333333335,496.03174603174625,0.31250000000000017,0.0,0.0,0.0,,185.25396825396825,660.5625,475.30853174603175,2.5657130922800104,2.1114,4.1138,2.0024,0.9483754854598845,630.0,480.0,23.0,27.0,1.0,1.0,116.71,317.07000000000005,0,1
A000000121,defect,D000000522,corrective,Production,oos_drop,2025-12-25,2025-12-11,2025-12-24,2025-12-25,2026-01-07,defect_scope,S001,P0017,ChassisLine-1,B,,0.5370569280343717,0.9871668311944718,0.45010990316010013,0.8381046396841064,537.0569280343716,987.1668311944718,450.1099031601002,0.8381046396841066,0.3723404255319149,0.03571428571428571,-0.3366261398176292,-0.9040816326530613,69.07626208378089,145.48864758144126,76.41238549766037,1.1062032483023136,36.18834739229025,5.014677777777777,-31.17366961451247,-0.8614283840204836,1862.0,1013.0,94.0,56.0,1.0,1.0,128.62,147.38,0,0
A000000122,defect,D000000523,containment,SupplierQuality,ppm_drop,2025-12-25,2025-12-11,2025-12-24,2025-12-25,2026-01-07,defect_scope,S005,P0032,ChassisLine-1,A,,1.3723696248856359,0.6150061500615006,-0.7573634748241352,-0.5518655186551865,1372.3696248856359,615.0061500615006,-757.3634748241352,-0.5518655186551865,0.17567567567567569,0.24096385542168675,0.06528817974601106,0.371640407784986,131.6697163769442,103.72078720787208,-27.948929169072116,-0.21226543155192873,20.698425199362045,21.96977175291169,1.2713465535496447,0.06142238075140274,2186.0,1626.0,74.0,83.0,3.0,1.0,287.83,168.65,0,0
A000000123,defect,D000000524,corrective,Production,ppm_drop,2025-12-25,2025-12-11,2025-12-24,2025-12-25,2026-01-07,defect_scope,S007,P0016,BodyLine-1,A,,1.5384615384615385,0.9009009009009009,-0.6375606375606376,-0.41441441441441446,1538.4615384615386,900.9009009009009,-637.5606375606377,-0.41441441441441446,0.0,0.0,0.0,,263.0769230769231,133.98198198198196,-129.09494109494113,-0.490711764395975,3.71,1.9926857142857144,-1.7173142857142856,-0.4628879476318829,650.0,2220.0,25.0,95.0,1.0,2.0,171.0,297.44,1,0
A000000124,defect,D000000215,corrective,Production,ppm_drop,2025-09-10,2025-08-27,2025-09-09,2025-09-10,2025-09-23,defect_scope,S003,P0028,ChassisLine-1,B,,1.9627085377821392,0.0,-1.9627085377821392,-1.0,1962.7085377821393,0.0,-1962.7085377821393,-1.0,0.09836065573770492,0.0967741935483871,-0.0015864621893178221,-0.016129032258064526,315.5348380765456,0.0,-315.5348380765456,-1.0,13.959298351648354,11.326217642007116,-2.633080709641238,-0.18862557725405418,1019.0,2029.0,61.0,93.0,2.0,0.0,321.53,0.0,1,0
A000000125,defect,D000000216,preventive,SupplierQuality,ppm_drop,2025-09-13,2025-08-30,2025-09-12,2025-09-13,2025-09-26,defect_scope,S001,P0005,BodyLine-1,B,,1.0857763300760044,0.0,-1.0857763300760044,-1.0,1085.7763300760043,0.0,-1085.7763300760043,-1.0,0.40350877192982454,0.0,-0.40350877192982454,-1.0,124.94028230184581,0.0,-124.94028230184581,-1.0,34.789844569757726,0.0,-34.789844569757726,-1.0,921.0,226.0,57.0,18.0,1.0,0.0,115.07,0.0,1,1
A000000126,eo,EO001,countermeasure,Quality,test_pass_rate_up,2025-07-26,2025-07-12,2025-07-25,2025-07-26,2025-08-08,eo_scope,,,,,EO001,,1.6345492085340676,,,,1634.5492085340675,,,,0.10119047619047619,,,,291.8048864418445,,,,19.498579450527686,,,0.0,11624.0,0.0,504.0,0.0,19.0,0.0,3391.94,0,1
A000000127,eo,EO002,countermeasure,Quality,test_pass_rate_up,2025-08-16,2025-08-02,2025-08-15,2025-08-16,2025-08-29,eo_scope,,,,,EO002,1.4394137660298352,1.1515849445420934,-0.2878288214877418,-0.1999625321644839,1439.4137660298352,1151.5849445420934,-287.82882148774183,-0.1999625321644839,0.11077844311377245,0.1127906976744186,0.0020122545606461456,0.018164676304211154,233.83538340748493,145.62821989211466,-88.20716351537027,-0.37721905996433047,20.54086095818581,18.147884218567814,-2.392976739617996,-0.11649836608549569,7642.0,16499.0,334.0,860.0,11.0,19.0,1786.9699999999998,2402.72,1,0
A000000128,eo,EO003,validation_test,AQIP,issue_closure_time_drop,2025-10-14,2025-09-30,2025-10-13,2025-10-14,2025-10-27,eo_scope,,,,,EO003,,0.9192170433654158,,,,919.2170433654159,,,,0.10659186535764376,,,,85.7613279982697,,,,19.528913726934615,,,0.0,18494.0,0.0,713.0,0.0,17.0,0.0,1586.07,0,1
A000000129,eo,EO004,validation_test,AQIP,ppm_drop,2025-11-06,2025-10-23,2025-11-05,2025-11-06,2025-11-19,eo_scope,,,,,EO004,1.0890508502973946,1.4147350092501905,0.3256841589527959,0.2990532158015019,1089.0508502973946,1414.7350092501906,325.684158952796,0.299053215801502,0.21731748726655348,0.26159554730983303,0.044278060043279555,0.20374826066790358,121.23062746083605,167.92904559799763,46.69841813716158,0.38520313814467105,29.273326506267694,33.86783345639216,4.594506950124469,0.15695199345181157,11937.0,9189.0,589.0,539.0,13.0,13.0,1447.1299999999999,1543.1000000000001,0,0
A000000130,eo,EO005,benchmark,Quality,test_pass_rate_up,2025-11-23,2025-11-09,2025-11-22,2025-11-23,2025-12-06,eo_scope,,,,,EO005,1.4260249554367201,1.39426800929512,-0.03175694614160007,-0.022269558481797052,1426.0249554367201,1394.2680092951202,-31.756946141599883,-0.022269558481796917,0.2714285714285714,0.16045380875202594,-0.11097476267654546,-0.4088543888083254,165.49732620320856,195.02168861347792,29.52436241026936,0.17839782120719822,33.38680001168422,22.94269466968217,-10.444105342002054,-0.31282139463341735,5610.0,12910.0,350.0,617.0,8.0,18.0,928.44,2517.73,1,0
A000000131,eo,EO006,benchmark,AQIP,issue_closure_time_drop,2025-12-16,2025-12-02,2025-12-15,2025-12-16,2025-12-29,eo_scope,,,,,EO006,1.5237070897194587,1.453206742879287,-0.0705003468401717,-0.0462689629232821,1523.7070897194587,1453.206742879287,-70.50034684017169,-0.046268962923282086,0.22549019607843138,0.10944206008583691,-0.11604813599259446,-0.5146482552715058,179.30805772160974,181.536523929471,2.22846620786126,0.012428143141905724,31.51208883991901,17.96743488565284,-13.54465395426617,-0.42982405968302617,11157.0,10322.0,612.0,466.0,17.0,15.0,2000.54,1873.8199999999997,1,0
