date,supplier_id,part_id,plant_line,shift,alert_type,alert_score,qty_used,defect_n,defect_rate_per_1000,ppm,meas_n,oos_rate,cost_usd,cost_per_1000_units,severity_points,eo_flag,risk_score_v1,defect_rate_7d,defect_rate_30d,defect_spike_ratio,cost_7d,cost_30d,cost_spike_ratio
2025-07-24,S005,P0032,ChassisLine-1,A,DEFECT_SPIKE,41.2429,302,1.0,3.3112582781456954,3311.2582781456954,21,0.42857142857142855,24.29,80.43046357615893,1.0,0,45.34294285714285,0.8470084750380165,0.45608148655893194,1.8571428571428572,21.968749845210436,11.829326839728697,1.857142857142857
2025-07-24,S005,P0032,ChassisLine-1,A,COST_SPIKE,32.994319999999995,302,1.0,3.3112582781456954,3311.2582781456954,21,0.42857142857142855,24.29,80.43046357615893,1.0,0,45.34294285714285,0.8470084750380165,0.45608148655893194,1.8571428571428572,21.968749845210436,11.829326839728697,1.857142857142857
2025-07-31,S003,P0036,ChassisLine-1,B,DEFECT_SPIKE,37.48529356897312,224,2.0,8.928571428571429,8928.571428571428,15,0.2,284.22,1268.8392857142858,3.0,1,36.6844,2.091817325766871,1.0927268982048242,1.9143093568973117,308.3985021079712,141.74430205860105,2.175738266928505
2025-07-31,S003,P0036,ChassisLine-1,B,COST_SPIKE,32.07966613542804,224,2.0,8.928571428571429,8928.571428571428,15,0.2,284.22,1268.8392857142858,3.0,1,36.6844,2.091817325766871,1.0927268982048242,1.9143093568973117,308.3985021079712,141.74430205860105,2.175738266928505
2025-07-31,S001,P0017,ChassisLine-1,A,DEFECT_SPIKE,26.989228571428573,481,2.0,4.158004158004158,4158.004158004158,19,0.0,341.78000000000003,710.5613305613307,5.0,0,16.8356,0.594000594000594,0.31984647369262753,1.8571428571428572,101.50876150876152,54.65856388933313,1.857142857142857
2025-07-31,S001,P0017,ChassisLine-1,A,COST_SPIKE,21.591382857142854,481,2.0,4.158004158004158,4158.004158004158,19,0.0,341.78000000000003,710.5613305613307,5.0,0,16.8356,0.594000594000594,0.31984647369262753,1.8571428571428572,101.50876150876152,54.65856388933313,1.857142857142857
2025-08-06,S003,P0028,ChassisLine-1,A,DEFECT_SPIKE,22.162399999999998,347,1.0,2.881844380403458,2881.844380403458,9,0.0,116.24000000000001,334.985590778098,1.0,0,4.3248,1.1756339947558796,0.5878169973779398,2.0,162.25538997364728,81.12769498682364,2.0
2025-08-06,S003,P0028,ChassisLine-1,A,COST_SPIKE,17.72992,347,1.0,2.881844380403458,2881.844380403458,9,0.0,116.24000000000001,334.985590778098,1.0,0,4.3248,1.1756339947558796,0.5878169973779398,2.0,162.25538997364728,81.12769498682364,2.0
2025-08-12,S001,P0017,ChassisLine-1,B,DEFECT_SPIKE,32.43063445378151,254,1.0,3.937007874015748,3937.007874015748,17,0.23529411764705882,109.45,430.90551181102364,1.0,0,27.71841176470588,2.039849485484472,1.0983804921839466,1.8571428571428568,283.8576183174254,152.8464098632291,1.8571428571428568
2025-08-12,S001,P0017,ChassisLine-1,B,COST_SPIKE,25.944507563025205,254,1.0,3.937007874015748,3937.007874015748,17,0.23529411764705882,109.45,430.90551181102364,1.0,0,27.71841176470588,2.039849485484472,1.0983804921839466,1.8571428571428568,283.8576183174254,152.8464098632291,1.8571428571428568
2025-08-18,S012,P0022,ChassisLine-1,B,DEFECT_SPIKE,35.69231904761905,363,1.0,2.7548209366391188,2754.8209366391184,21,0.09523809523809523,114.47,315.3443526170799,3.0,1,22.813209523809526,0.39354584809130266,0.1620482903905364,2.4285714285714284,45.049193231011415,18.5496678010047,2.428571428571429
2025-08-18,S012,P0022,ChassisLine-1,B,COST_SPIKE,28.55385523809524,363,1.0,2.7548209366391188,2754.8209366391184,21,0.09523809523809523,114.47,315.3443526170799,3.0,1,22.813209523809526,0.39354584809130266,0.1620482903905364,2.4285714285714284,45.049193231011415,18.5496678010047,2.428571428571429
2025-08-20,S003,P0036,ChassisLine-1,A,COST_SPIKE,20.03983354818237,238,1.0,4.201680672268908,4201.680672268907,12,0.0,125.53,527.436974789916,2.0,1,11.5106,3.0217215091164675,2.229943675362099,1.3550662927061596,607.1145894255139,314.6569453415053,1.929449193522796
2025-08-22,S003,P0036,ChassisLine-1,A,COST_SPIKE,39.599703664784016,288,3.0,10.416666666666666,10416.666666666666,9,0.3333333333333333,208.59,724.2708333333333,6.0,1,54.505133333333326,4.509816747211706,2.527782641159223,1.784099896003533,710.5818513302758,319.40479247402146,2.224706291431336
2025-08-22,S005,P0032,ChassisLine-1,A,DEFECT_SPIKE,37.99717217505325,488,1.0,2.0491803278688527,2049.1803278688526,11,0.2727272727272727,168.85,346.0040983606557,2.0,0,34.64972727272727,1.6278535314846023,0.7874560929844697,2.067230853868962,195.3971141850336,69.16186582780492,2.8252146156889646
2025-08-22,S005,P0032,ChassisLine-1,A,COST_SPIKE,36.461607834602624,488,1.0,2.0491803278688527,2049.1803278688526,11,0.2727272727272727,168.85,346.0040983606557,2.0,0,34.64972727272727,1.6278535314846023,0.7874560929844697,2.067230853868962,195.3971141850336,69.16186582780492,2.8252146156889646
2025-08-23,S003,P0036,ChassisLine-1,A,DEFECT_SPIKE,40.984181722814185,348,1.0,2.8735632183908044,2873.5632183908046,9,0.3333333333333333,147.85,424.85632183908046,1.0,1,43.29033333333333,4.920325778410392,2.5442483829321554,1.9339015056147515,771.2756115930016,324.42629387235763,2.377352348316294
2025-08-23,S003,P0036,ChassisLine-1,A,COST_SPIKE,36.33495211986369,348,1.0,2.8735632183908044,2873.5632183908046,9,0.3333333333333333,147.85,424.85632183908046,1.0,1,43.29033333333333,4.920325778410392,2.5442483829321554,1.9339015056147515,771.2756115930016,324.42629387235763,2.377352348316294
2025-08-23,S003,P0028,ChassisLine-1,A,DEFECT_SPIKE,23.46852222371588,161,1.0,6.211180124223602,6211.180124223602,10,0.0,86.61,537.9503105590062,2.0,0,5.7322,2.4064232127318834,1.1680292669479413,2.060242222371588,236.7870778211367,129.38482546238893,1.830099294680957
2025-08-23,S003,P0028,ChassisLine-1,A,COST_SPIKE,16.933674357447654,161,1.0,6.211180124223602,6211.180124223602,10,0.0,86.61,537.9503105590062,2.0,0,5.7322,2.4064232127318834,1.1680292669479413,2.060242222371588,236.7870778211367,129.38482546238893,1.830099294680957
2025-08-28,S012,P0022,ChassisLine-1,A,DEFECT_SPIKE,25.432321298119355,212,1.0,4.716981132075471,4716.981132075472,9,0.0,118.75999999999999,560.188679245283,2.0,1,11.3752,1.049794297063413,0.5316835225035077,1.9744721298119357,187.06078876436374,79.48736579313761,2.3533398911618386
2025-08-28,S012,P0022,ChassisLine-1,A,COST_SPIKE,23.37679912929471,212,1.0,4.716981132075471,4716.981132075472,9,0.0,118.75999999999999,560.188679245283,2.0,1,11.3752,1.049794297063413,0.5316835225035077,1.9744721298119357,187.06078876436374,79.48736579313761,2.3533398911618386
2025-08-29,S006,P0019,BodyLine-1,A,DEFECT_SPIKE,40.580466666666666,269,1.0,3.717472118959108,3717.472118959108,12,0.3333333333333333,91.38,339.70260223048325,3.0,0,41.160933333333325,0.5310674455655868,0.2655337227827934,2.0,48.52894317578332,24.26447158789166,2.0
2025-08-29,S006,P0019,BodyLine-1,A,COST_SPIKE,32.46437333333333,269,1.0,3.717472118959108,3717.472118959108,12,0.3333333333333333,91.38,339.70260223048325,3.0,0,41.160933333333325,0.5310674455655868,0.2655337227827934,2.0,48.52894317578332,24.26447158789166,2.0
2025-08-31,S001,P0017,ChassisLine-1,A,DEFECT_SPIKE,29.249157142857147,360,1.0,2.7777777777777777,2777.777777777778,13,0.0,110.63,307.30555555555554,1.0,0,4.2126,0.9908259908259909,0.3650411545148387,2.7142857142857144,145.40955515955517,53.57194137457296,2.7142857142857144
2025-08-31,S001,P0017,ChassisLine-1,A,COST_SPIKE,23.399325714285716,360,1.0,2.7777777777777777,2777.777777777778,13,0.0,110.63,307.30555555555554,1.0,0,4.2126,0.9908259908259909,0.3650411545148387,2.7142857142857144,145.40955515955517,53.57194137457296,2.7142857142857144
2025-09-05,S003,P0028,ChassisLine-1,A,DEFECT_SPIKE,25.051103155813113,319,1.0,3.134796238244514,3134.796238244514,13,0.0,87.0,272.7272727272727,2.0,0,5.74,2.442559192423463,1.1011892308806694,2.218110315581311,227.8930323853045,118.74082419620274,1.9192475202020065
2025-09-05,S003,P0028,ChassisLine-1,A,COST_SPIKE,17.649980161616053,319,1.0,3.134796238244514,3134.796238244514,13,0.0,87.0,272.7272727272727,2.0,0,5.74,2.442559192423463,1.1011892308806694,2.218110315581311,227.8930323853045,118.74082419620274,1.9192475202020065
2025-09-08,S007,P0016,BodyLine-2,B,DEFECT_SPIKE,27.165014285714285,331,1.0,3.0211480362537766,3021.1480362537764,16,0.0,87.93,265.64954682779455,2.0,0,5.7586,0.43159257660768235,0.1777145903678692,2.4285714285714284,37.94993526111351,15.626443931046738,2.428571428571429
2025-09-08,S007,P0016,BodyLine-2,B,COST_SPIKE,21.732011428571433,331,1.0,3.0211480362537766,3021.1480362537764,16,0.0,87.93,265.64954682779455,2.0,0,5.7586,0.43159257660768235,0.1777145903678692,2.4285714285714284,37.94993526111351,15.626443931046738,2.428571428571429
2025-09-10,S006,P0031,BodyLine-2,A,DEFECT_SPIKE,41.80640952380952,373,1.0,2.680965147453083,2680.9651474530833,18,0.3333333333333333,128.26,343.8605898123324,1.0,0,37.898533333333326,1.8364519403131123,0.8034477238869866,2.285714285714286,202.75380662338694,88.70479039773178,2.2857142857142856
2025-09-10,S006,P0031,BodyLine-2,A,COST_SPIKE,33.44512761904762,373,1.0,2.680965147453083,2680.9651474530833,18,0.3333333333333333,128.26,343.8605898123324,1.0,0,37.898533333333326,1.8364519403131123,0.8034477238869866,2.285714285714286,202.75380662338694,88.70479039773178,2.2857142857142856
2025-09-13,S005,P0032,ChassisLine-1,A,COST_SPIKE,34.398501949730544,270,1.0,3.7037037037037037,3703.703703703704,9,0.3333333333333333,161.95999999999998,599.8518518518517,3.0,0,42.572533333333325,1.3529080215045235,0.8837574952971837,1.5308588936488479,199.3761288407671,91.82820899058652,2.1711860770496516
2025-09-26,S007,P0003,BodyLine-2,A,DEFECT_SPIKE,30.246757142857145,224,1.0,4.464285714285714,4464.285714285714,13,0.0,110.38999999999999,492.81249999999994,2.0,0,6.2078,0.6377551020408163,0.2349624060150376,2.7142857142857144,70.40178571428571,25.937499999999996,2.7142857142857144
2025-09-26,S007,P0003,BodyLine-2,A,COST_SPIKE,24.197405714285715,224,1.0,4.464285714285714,4464.285714285714,13,0.0,110.38999999999999,492.81249999999994,2.0,0,6.2078,0.6377551020408163,0.2349624060150376,2.7142857142857144,70.40178571428571,25.937499999999996,2.7142857142857144
2025-09-27,S005,P0032,ChassisLine-1,A,COST_SPIKE,28.748817173387096,189,1.0,5.291005291005291,5291.005291005291,8,0.25,375.5,1986.7724867724867,1.0,0,34.51,0.7558578987150416,1.001207171977548,0.7549465483972699,283.8246409674981,151.93207795029696,1.868102146673387
2025-10-06,S001,P0005,BodyLine-2,A,DEFECT_SPIKE,44.21497142857143,317,1.0,3.1545741324921135,3154.5741324921137,8,0.375,203.64,642.397476340694,2.0,0,45.5728,1.6989243436010466,0.7928313603471551,2.142857142857143,413.8451873900004,193.12775411533352,2.142857142857143
2025-10-06,S001,P0005,BodyLine-2,A,COST_SPIKE,35.37197714285715,317,1.0,3.1545741324921135,3154.5741324921137,8,0.375,203.64,642.397476340694,2.0,0,45.5728,1.6989243436010466,0.7928313603471551,2.142857142857143,413.8451873900004,193.12775411533352,2.142857142857143
2025-10-08,S010,P0002,TrimLine-1,B,DEFECT_SPIKE,23.1061,240,1.0,4.166666666666667,4166.666666666667,9,0.0,210.61,877.5416666666667,1.0,0,6.2122,1.3077425483909277,0.6538712741954639,2.0,224.2872135138345,112.14360675691725,2.0
2025-10-08,S010,P0002,TrimLine-1,B,COST_SPIKE,18.48488,240,1.0,4.166666666666667,4166.666666666667,9,0.0,210.61,877.5416666666667,1.0,0,6.2122,1.3077425483909277,0.6538712741954639,2.0,224.2872135138345,112.14360675691725,2.0
2025-10-10,S008,P0029,TrimLine-1,A,DEFECT_SPIKE,27.33668571428571,335,1.0,2.985074626865672,2985.0746268656717,4,0.0,62.239999999999995,185.79104477611938,1.0,0,3.2447999999999997,0.4264392324093817,0.1658374792703151,2.571428571428571,26.541577825159912,10.32172470978441,2.571428571428571
2025-10-10,S008,P0029,TrimLine-1,A,COST_SPIKE,21.86934857142857,335,1.0,2.985074626865672,2985.0746268656717,4,0.0,62.239999999999995,185.79104477611938,1.0,0,3.2447999999999997,0.4264392324093817,0.1658374792703151,2.571428571428571,26.541577825159912,10.32172470978441,2.571428571428571
2025-10-14,S006,P0020,ChassisLine-1,B,DEFECT_SPIKE,48.842842857142855,338,1.0,2.9585798816568047,2958.5798816568044,10,0.0,148.57,439.5562130177514,2.0,1,11.9714,0.42265426880811496,0.09861932938856016,4.285714285714286,62.79374471682163,14.651873767258381,4.285714285714286
2025-10-14,S006,P0020,ChassisLine-1,B,COST_SPIKE,39.07427428571428,338,1.0,2.9585798816568047,2958.5798816568044,10,0.0,148.57,439.5562130177514,2.0,1,11.9714,0.42265426880811496,0.09861932938856016,4.285714285714286,62.79374471682163,14.651873767258381,4.285714285714286
2025-10-14,S003,P0028,ChassisLine-1,B,DEFECT_SPIKE,33.54717852067217,273,3.0,10.989010989010989,10989.01098901099,18,0.05555555555555555,286.11,1048.0219780219782,4.0,0,19.277755555555554,2.5254353985307283,1.0563006654838463,2.3908300742894393,223.37484804650217,131.18913156767567,1.702693244304855
2025-10-15,S005,P0010,BodyLine-1,A,DEFECT_SPIKE,23.815228571428573,380,1.0,2.631578947368421,2631.578947368421,13,0.0,74.38,195.73684210526315,2.0,1,10.4876,0.37593984962406013,0.20242914979757082,1.8571428571428574,27.962406015037594,15.05668016194332,1.8571428571428572
2025-10-15,S005,P0010,BodyLine-1,A,COST_SPIKE,19.05218285714286,380,1.0,2.631578947368421,2631.578947368421,13,0.0,74.38,195.73684210526315,2.0,1,10.4876,0.37593984962406013,0.20242914979757082,1.8571428571428574,27.962406015037594,15.05668016194332,1.8571428571428572
2025-10-16,S006,P0020,ChassisLine-1,B,DEFECT_SPIKE,61.988842857142856,192,1.0,5.208333333333333,5208.333333333333,10,0.3,63.17,329.0104166666667,1.0,1,38.263400000000004,1.166701887855734,0.27223044049967127,4.285714285714286,109.79523281205972,25.61888765614727,4.285714285714286
2025-10-16,S006,P0020,ChassisLine-1,B,COST_SPIKE,49.591074285714285,192,1.0,5.208333333333333,5208.333333333333,10,0.3,63.17,329.0104166666667,1.0,1,38.263400000000004,1.166701887855734,0.27223044049967127,4.285714285714286,109.79523281205972,25.61888765614727,4.285714285714286
2025-10-16,S006,P0034,BodyLine-2,B,DEFECT_SPIKE,23.3689,335,1.0,2.985074626865672,2985.0746268656717,10,0.0,36.89,110.11940298507463,3.0,0,6.7378,0.4264392324093817,0.21321961620469085,2.0,15.73134328358209,7.865671641791045,2.0
2025-10-16,S006,P0034,BodyLine-2,B,COST_SPIKE,18.69512,335,1.0,2.985074626865672,2985.0746268656717,10,0.0,36.89,110.11940298507463,3.0,0,6.7378,0.4264392324093817,0.21321961620469085,2.0,15.73134328358209,7.865671641791045,2.0
2025-10-18,S005,P0027,TrimLine-1,B,DEFECT_SPIKE,36.137228571428565,440,1.0,2.2727272727272725,2272.7272727272725,4,0.25,56.58,128.5909090909091,2.0,1,35.1316,0.3246753246753246,0.17482517482517482,1.857142857142857,18.37012987012987,9.891608391608392,1.857142857142857
2025-10-18,S008,P0015,ChassisLine-1,B,COST_SPIKE,35.150643472126966,264,1.0,3.787878787878788,3787.878787878788,14,0.42857142857142855,92.44,350.1515151515152,1.0,0,46.70594285714285,0.8973777677019573,0.5438891006833896,1.6499278374477697,81.59984238537855,39.63979729443521,2.058533291158728
2025-10-18,S005,P0027,TrimLine-1,B,COST_SPIKE,28.909782857142858,440,1.0,2.2727272727272725,2272.7272727272725,4,0.25,56.58,128.5909090909091,2.0,1,35.1316,0.3246753246753246,0.17482517482517482,1.857142857142857,18.37012987012987,9.891608391608392,1.857142857142857
2025-10-18,S009,P0030,Final-1,A,DEFECT_SPIKE,27.12221428571429,260,1.0,3.8461538461538463,3846.153846153846,6,0.0,183.64999999999998,706.3461538461537,1.0,0,5.673,0.5494505494505495,0.22624434389140272,2.428571428571429,100.90659340659339,41.5497737556561,2.428571428571429
2025-10-18,S009,P0030,Final-1,A,COST_SPIKE,21.697771428571432,260,1.0,3.8461538461538463,3846.153846153846,6,0.0,183.64999999999998,706.3461538461537,1.0,0,5.673,0.5494505494505495,0.22624434389140272,2.428571428571429,100.90659340659339,41.5497737556561,2.428571428571429
2025-10-19,S007,P0007,BodyLine-2,B,DEFECT_SPIKE,34.56778571428571,387,1.0,2.5839793281653747,2583.9793281653747,20,0.1,185.35000000000002,478.94056847545227,2.0,0,17.707,0.36913990402362495,0.1435544071202986,2.571428571428571,68.42008121077889,26.60780935974735,2.571428571428571
2025-10-19,S007,P0007,BodyLine-2,B,COST_SPIKE,27.65422857142857,387,1.0,2.5839793281653747,2583.9793281653747,20,0.1,185.35000000000002,478.94056847545227,2.0,0,17.707,0.36913990402362495,0.1435544071202986,2.571428571428571,68.42008121077889,26.60780935974735,2.571428571428571
2025-10-20,S012,P0022,ChassisLine-1,A,DEFECT_SPIKE,31.477592678078956,215,1.0,4.651162790697675,4651.162790697675,19,0.10526315789473684,104.78,487.34883720930236,2.0,1,21.621915789473682,1.3022069292833414,0.6301010991557061,2.0666634783342115,121.87253796867584,80.56493070925396,1.5127244186244568
2025-10-20,S003,P0028,ChassisLine-1,B,DEFECT_SPIKE,27.970201620284282,375,1.0,2.6666666666666665,2666.6666666666665,18,0.05555555555555555,152.07,405.52,3.0,0,14.596955555555555,2.3673042215316267,1.145189554372735,2.0671723842506506,246.303581200141,144.706464901009,1.7020910666889186
2025-10-21,S012,P0022,ChassisLine-1,A,DEFECT_SPIKE,39.91127402621846,412,1.0,2.4271844660194173,2427.1844660194174,13,0.23076923076923078,68.11,165.31553398058253,2.0,1,33.43912307692308,1.6489475672861151,0.71100724802302,2.3191712487756915,145.4890428230448,86.07544850860671,1.6902501856670233
2025-10-22,S007,P0003,BodyLine-2,B,DEFECT_SPIKE,35.923585714285714,274,2.0,7.299270072992701,7299.2700729927,8,0.0,420.93,1536.240875912409,6.0,0,20.418599999999998,1.0427528675703859,0.40551500405515006,2.5714285714285716,219.46298227320128,85.34671532846716,2.5714285714285716
2025-10-22,S007,P0003,BodyLine-2,B,COST_SPIKE,28.738868571428572,274,2.0,7.299270072992701,7299.2700729927,8,0.0,420.93,1536.240875912409,6.0,0,20.418599999999998,1.0427528675703859,0.40551500405515006,2.5714285714285716,219.46298227320128,85.34671532846716,2.5714285714285716
2025-10-23,S011,P0011,Final-1,B,DEFECT_SPIKE,45.944580952380946,392,1.0,2.5510204081632653,2551.020408163265,6,0.3333333333333333,49.22,125.56122448979592,2.0,1,43.31773333333333,0.36443148688046645,0.15006002400960383,2.4285714285714284,17.93731778425656,7.385954381752701,2.4285714285714284
2025-10-23,S011,P0011,Final-1,B,COST_SPIKE,36.75566476190476,392,1.0,2.5510204081632653,2551.020408163265,6,0.3333333333333333,49.22,125.56122448979592,2.0,1,43.31773333333333,0.36443148688046645,0.15006002400960383,2.4285714285714284,17.93731778425656,7.385954381752701,2.4285714285714284
2025-10-23,S009,P0006,Final-1,A,DEFECT_SPIKE,34.546614285714284,212,1.0,4.716981132075471,4716.981132075472,8,0.125,51.09,240.99056603773585,1.0,1,20.5218,0.673854447439353,0.27746947835738067,2.4285714285714284,34.42722371967655,14.17591564927858,2.4285714285714284
2025-10-23,S009,P0006,Final-1,A,COST_SPIKE,27.637291428571427,212,1.0,4.716981132075471,4716.981132075472,8,0.125,51.09,240.99056603773585,1.0,1,20.5218,0.673854447439353,0.27746947835738067,2.4285714285714284,34.42722371967655,14.17591564927858,2.4285714285714284
2025-10-26,S012,P0022,ChassisLine-1,A,DEFECT_SPIKE,34.80458597580058,403,1.0,2.4813895781637716,2481.3895781637716,13,0.07692307692307693,121.74000000000001,302.0843672456576,2.0,1,19.127107692307693,2.0034317927380827,0.7937202339618123,2.524103212964673,188.6439524295673,96.1449274167953,1.962079097649967
2025-10-26,S012,P0022,ChassisLine-1,A,COST_SPIKE,23.347475858122813,403,1.0,2.4813895781637716,2481.3895781637716,13,0.07692307692307693,121.74000000000001,302.0843672456576,2.0,1,19.127107692307693,2.0034317927380827,0.7937202339618123,2.524103212964673,188.6439524295673,96.1449274167953,1.962079097649967
2025-10-27,S007,P0016,BodyLine-1,B,DEFECT_SPIKE,24.7551,374,1.0,2.6737967914438503,2673.79679144385,13,0.0,125.51,335.5882352941177,1.0,1,9.510200000000001,1.508764704014949,0.7543823520074745,2.0,173.35543051283386,86.67771525641693,2.0
2025-10-27,S007,P0016,BodyLine-1,B,COST_SPIKE,19.80408,374,1.0,2.6737967914438503,2673.79679144385,13,0.0,125.51,335.5882352941177,1.0,1,9.510200000000001,1.508764704014949,0.7543823520074745,2.0,173.35543051283386,86.67771525641693,2.0
2025-10-28,S003,P0028,ChassisLine-1,B,DEFECT_SPIKE,30.502466490561922,344,1.0,2.9069767441860463,2906.9767441860463,8,0.125,151.13,439.3313953488372,2.0,0,19.5226,2.366093485694815,1.1407716565852184,2.0741166490561924,270.4104819101165,143.7996795990604,1.880466511914839
2025-10-28,S003,P0028,ChassisLine-1,B,COST_SPIKE,22.852772095318713,344,1.0,2.9069767441860463,2906.9767441860463,8,0.125,151.13,439.3313953488372,2.0,0,19.5226,2.366093485694815,1.1407716565852184,2.0741166490561924,270.4104819101165,143.7996795990604,1.880466511914839
2025-10-28,S007,P0016,BodyLine-2,B,DEFECT_SPIKE,21.36647986501687,304,1.0,3.289473684210526,3289.4736842105262,19,0.0,100.53999999999999,330.7236842105263,1.0,0,4.0108,0.46992481203007513,0.2427162200178578,1.936107986501687,47.24624060150376,22.937431963012344,2.0597877163272016
2025-10-28,S007,P0016,BodyLine-2,B,COST_SPIKE,18.082621730617614,304,1.0,3.289473684210526,3289.4736842105262,19,0.0,100.53999999999999,330.7236842105263,1.0,0,4.0108,0.46992481203007513,0.2427162200178578,1.936107986501687,47.24624060150376,22.937431963012344,2.0597877163272016
2025-11-01,S003,P0036,ChassisLine-1,B,DEFECT_SPIKE,24.552426893121396,307,2.0,6.514657980456026,6514.657980456026,18,0.0,241.57999999999998,786.9055374592833,3.0,0,10.8316,1.6875825025258442,0.8818599599349669,1.9136626893121393,184.39293097974164,114.98466772046635,1.6036305938458713
2025-11-02,S007,P0003,BodyLine-2,B,DEFECT_SPIKE,31.810928571428573,258,1.0,3.875968992248062,3875.968992248062,16,0.0,123.94999999999999,480.42635658914725,2.0,0,6.478999999999999,1.5964627236058233,0.5587619532620381,2.857142857142857,288.09531892879374,100.8333616250778,2.8571428571428577
2025-11-02,S007,P0003,BodyLine-2,B,COST_SPIKE,25.44874285714286,258,1.0,3.875968992248062,3875.968992248062,16,0.0,123.94999999999999,480.42635658914725,2.0,0,6.478999999999999,1.5964627236058233,0.5587619532620381,2.857142857142857,288.09531892879374,100.8333616250778,2.8571428571428577
2025-11-03,S011,P0009,BodyLine-2,A,DEFECT_SPIKE,36.064604683556134,186,1.0,5.376344086021506,5376.344086021506,19,0.2631578947368421,81.79,439.73118279569894,2.0,0,31.95158947368421,0.7680491551459294,0.38232685618670054,2.008880994671403,62.81874039938556,36.01473486345566,1.7442510860500064
2025-11-04,S012,P0026,BodyLine-2,A,DEFECT_SPIKE,43.766371428571425,292,1.0,3.4246575342465753,3424.6575342465753,12,0.0,133.78,458.1506849315069,1.0,0,4.6756,0.4892367906066536,0.11809163911195088,4.142857142857142,65.45009784735812,15.798299480396789,4.142857142857142
2025-11-04,S012,P0026,BodyLine-2,A,COST_SPIKE,35.01309714285714,292,1.0,3.4246575342465753,3424.6575342465753,12,0.0,133.78,458.1506849315069,1.0,0,4.6756,0.4892367906066536,0.11809163911195088,4.142857142857142,65.45009784735812,15.798299480396789,4.142857142857142
2025-11-04,S012,P0022,ChassisLine-1,B,COST_SPIKE,24.8354716930114,390,1.0,2.5641025641025643,2564.102564102564,11,0.0,226.57,580.9487179487179,1.0,0,6.5314,0.36630036630036633,0.17729745002472275,2.066021627774616,82.99267399267399,29.87643568552659,2.7778639616264247
2025-11-04,S001,P0017,ChassisLine-1,A,DEFECT_SPIKE,24.72673795435334,400,1.0,2.5,2500.0,21,0.0,115.7,289.25,1.0,0,4.314,0.35714285714285715,0.15823970037453183,2.256973795435334,41.32142857142857,15.799719101123594,2.615326785682538
2025-11-04,S012,P0022,ChassisLine-1,B,DEFECT_SPIKE,23.925916277746158,390,1.0,2.5641025641025643,2564.102564102564,11,0.0,226.57,580.9487179487179,1.0,0,6.5314,0.36630036630036633,0.17729745002472275,2.066021627774616,82.99267399267399,29.87643568552659,2.7778639616264247
2025-11-04,S001,P0017,ChassisLine-1,A,COST_SPIKE,22.648214285460305,400,1.0,2.5,2500.0,21,0.0,115.7,289.25,1.0,0,4.314,0.35714285714285715,0.15823970037453183,2.256973795435334,41.32142857142857,15.799719101123594,2.615326785682538
2025-11-04,S001,P0021,ChassisLine-1,B,COST_SPIKE,19.604597475016423,302,1.0,3.3112582781456954,3311.2582781456954,12,0.0,129.54,428.94039735099335,2.0,1,11.5908,0.47303689687795647,0.4380106035735175,1.079966770253223,61.27719962157048,32.75043489745476,1.871034684377053
2025-11-05,S007,P0013,ChassisLine-1,B,DEFECT_SPIKE,32.8165560562267,159,1.0,6.289308176100629,6289.30817610063,12,0.08333333333333333,124.81,784.9685534591196,2.0,1,19.82953333333333,0.8984725965858041,0.3923154567980527,2.2901789389560037,112.13836477987422,68.54874025432534,1.6358924228778724
2025-11-05,S001,P0033,BodyLine-2,A,COST_SPIKE,19.638531112991082,248,1.0,4.032258064516129,4032.258064516129,18,0.0,179.61,724.233870967742,1.0,1,10.5922,0.576036866359447,0.5356452749551024,1.0754073512694202,103.46198156682028,53.74072211234627,1.925206389123885
2025-11-06,S006,P0019,BodyLine-2,A,DEFECT_SPIKE,31.252285714285712,303,1.0,3.3003300330033003,3300.3300330033003,17,0.0,253.8,837.6237623762377,3.0,0,11.076,0.47147571900047147,0.18335166850018336,2.571428571428571,119.66053748231967,46.53465346534654,2.5714285714285716
2025-11-06,S006,P0019,BodyLine-2,A,COST_SPIKE,25.001828571428575,303,1.0,3.3003300330033003,3300.3300330033003,17,0.0,253.8,837.6237623762377,3.0,0,11.076,0.47147571900047147,0.18335166850018336,2.571428571428571,119.66053748231967,46.53465346534654,2.5714285714285716
2025-11-07,S012,P0026,BodyLine-2,A,DEFECT_SPIKE,47.63784285714286,344,1.0,2.9069767441860463,2906.9767441860463,14,0.0,278.07,808.3430232558139,2.0,0,9.561399999999999,0.9045191826332317,0.21105447594775406,4.285714285714286,180.9276725981887,42.21645693957736,4.285714285714286
2025-11-07,S012,P0026,BodyLine-2,A,COST_SPIKE,38.11027428571428,344,1.0,2.9069767441860463,2906.9767441860463,14,0.0,278.07,808.3430232558139,2.0,0,9.561399999999999,0.9045191826332317,0.21105447594775406,4.285714285714286,180.9276725981887,42.21645693957736,4.285714285714286
2025-11-08,S006,P0019,BodyLine-2,B,DEFECT_SPIKE,39.33395714285714,187,1.0,5.347593582887701,5347.5935828877,17,0.0,119.11,636.951871657754,1.0,0,4.3822,0.7639419404125286,0.20567667626491157,3.714285714285714,90.99312452253629,24.498148909913617,3.7142857142857144
2025-11-08,S007,P0013,ChassisLine-1,B,DEFECT_SPIKE,31.594831174256697,398,1.0,2.512562814070352,2512.5628140703516,17,0.0,68.24,171.4572864321608,2.0,1,10.364799999999999,1.2574101414529972,0.47606755060039774,2.6412431174256694,136.6322628416115,74.26398313539737,1.8398186721617784
2025-11-08,S006,P0019,BodyLine-2,B,COST_SPIKE,31.467165714285716,187,1.0,5.347593582887701,5347.5935828877,17,0.0,119.11,636.951871657754,1.0,0,4.3822,0.7639419404125286,0.20567667626491157,3.714285714285714,90.99312452253629,24.498148909913617,3.7142857142857144
2025-11-08,S010,P0002,Final-1,A,DEFECT_SPIKE,21.57242857142857,362,1.0,2.7624309392265194,2762.430939226519,4,0.0,100.1,276.5193370165745,2.0,0,6.002,1.3628611916891316,0.7338483339864555,1.857142857142857,204.76064740310989,110.25573321705916,1.8571428571428572
2025-11-08,S007,P0013,ChassisLine-1,B,COST_SPIKE,18.864469377294228,398,1.0,2.512562814070352,2512.5628140703516,17,0.0,68.24,171.4572864321608,2.0,1,10.364799999999999,1.2574101414529972,0.47606755060039774,2.6412431174256694,136.6322628416115,74.26398313539737,1.8398186721617784
2025-11-08,S010,P0002,Final-1,A,COST_SPIKE,17.257942857142858,362,1.0,2.7624309392265194,2762.430939226519,4,0.0,100.1,276.5193370165745,2.0,0,6.002,1.3628611916891316,0.7338483339864555,1.857142857142857,204.76064740310989,110.25573321705916,1.8571428571428572
2025-11-11,S005,P0032,ChassisLine-1,B,DEFECT_SPIKE,40.36341247479474,205,1.0,4.878048780487805,4878.048780487805,13,0.3076923076923077,112.04,546.5365853658537,1.0,0,35.01003076923077,1.0452961672473866,0.45729198032721063,2.2858397090179357,94.78397212543555,64.03910067248822,1.4800953031833506
2025-11-13,S008,P0015,ChassisLine-1,B,COST_SPIKE,40.539651149494645,336,1.0,2.976190476190476,2976.190476190476,11,0.45454545454545453,138.95,413.54166666666663,2.0,1,57.23354545454545,0.9662956091527519,0.5887065398213998,1.6413875909139792,109.09902597402596,49.46053978721391,2.2057791209595585
2025-11-14,S008,P0015,ChassisLine-1,A,DEFECT_SPIKE,43.56421514017154,351,1.0,2.849002849002849,2849.002849002849,19,0.3684210526315789,49.93,142.25071225071227,2.0,0,41.84070526315789,2.25682926141742,0.9966626765027513,2.2643862508592596,269.95237606161794,113.95179039603674,2.369005130357363
2025-11-14,S008,P0015,ChassisLine-1,A,COST_SPIKE,35.688323148122066,351,1.0,2.849002849002849,2849.002849002849,19,0.3684210526315789,49.93,142.25071225071227,2.0,0,41.84070526315789,2.25682926141742,0.9966626765027513,2.2643862508592596,269.95237606161794,113.95179039603674,2.369005130357363
2025-11-15,S001,P0017,ChassisLine-1,A,DEFECT_SPIKE,52.50200099033002,250,2.0,8.0,8000.0,17,0.23529411764705882,243.54,974.16,3.0,0,34.40021176470588,1.5,0.4249063670411985,3.530189510797708,180.48714285714283,48.271719101123594,3.738983119267897
2025-11-15,S001,P0017,ChassisLine-1,A,COST_SPIKE,43.67194966002553,250,2.0,8.0,8000.0,17,0.23529411764705882,243.54,974.16,3.0,0,34.40021176470588,1.5,0.4249063670411985,3.530189510797708,180.48714285714283,48.271719101123594,3.738983119267897
2025-11-16,S005,P0010,BodyLine-1,B,COST_SPIKE,19.250552735948506,256,1.0,3.90625,3906.25,10,0.0,140.24,547.8125,1.0,0,4.8048,0.5580357142857143,0.31051455378250586,1.797132235793946,78.25892857142857,36.1293033392435,2.1660790919935633
2025-11-18,S001,P0033,BodyLine-1,A,DEFECT_SPIKE,37.070814285714285,273,1.0,3.663003663003663,3663.003663003663,9,0.0,78.51,287.5824175824176,2.0,0,5.5702,0.5232862375719518,0.1526251526251526,3.4285714285714284,41.08320251177394,11.982600732600732,3.428571428571429
2025-11-18,S001,P0033,BodyLine-1,A,COST_SPIKE,29.65665142857143,273,1.0,3.663003663003663,3663.003663003663,9,0.0,78.51,287.5824175824176,2.0,0,5.5702,0.5232862375719518,0.1526251526251526,3.4285714285714284,41.08320251177394,11.982600732600732,3.428571428571429
2025-11-19,S005,P0032,ChassisLine-1,B,DEFECT_SPIKE,43.818821221990284,218,1.0,4.587155963302752,4587.155963302753,18,0.3333333333333333,67.38,309.08256880733944,2.0,0,38.68093333333333,1.352172106255794,0.5523950162580352,2.447835455532362,122.2313077390276,65.86414088343257,1.8558096423872674
2025-11-19,S005,P0032,ChassisLine-1,B,COST_SPIKE,30.31885047243147,218,1.0,4.587155963302752,4587.155963302753,18,0.3333333333333333,67.38,309.08256880733944,2.0,0,38.68093333333333,1.352172106255794,0.5523950162580352,2.447835455532362,122.2313077390276,65.86414088343257,1.8558096423872674
2025-11-19,S003,P0036,ChassisLine-1,B,DEFECT_SPIKE,26.329776112864884,452,1.0,2.2123893805309733,2212.3893805309735,21,0.0,46.730000000000004,103.3849557522124,2.0,0,4.9346,2.0390488601905807,0.8545001158078799,2.386247611286488,167.15573580015,96.30738023727517,1.7356482482269144
2025-11-22,S007,P0008,ChassisLine-1,A,DEFECT_SPIKE,24.56949097744361,252,1.0,3.968253968253968,3968.253968253968,21,0.0,101.31,402.0238095238095,1.0,0,4.0262,0.5668934240362812,0.25132275132275134,2.255639097744361,57.43197278911565,31.238888888888887,1.838476809895219
2025-11-22,S007,P0008,ChassisLine-1,A,COST_SPIKE,16.318294479161754,252,1.0,3.968253968253968,3968.253968253968,21,0.0,101.31,402.0238095238095,1.0,0,4.0262,0.5668934240362812,0.25132275132275134,2.255639097744361,57.43197278911565,31.238888888888887,1.838476809895219
2025-11-23,S007,P0013,ChassisLine-1,A,DEFECT_SPIKE,49.01524285714285,243,1.0,4.11522633744856,4115.22633744856,18,0.0,165.81,682.3456790123456,2.0,1,12.3162,0.5878894767783657,0.13717421124828533,4.285714285714286,97.4779541446208,22.744855967078188,4.285714285714286
2025-11-23,S007,P0013,ChassisLine-1,A,COST_SPIKE,39.21219428571428,243,1.0,4.11522633744856,4115.22633744856,18,0.0,165.81,682.3456790123456,2.0,1,12.3162,0.5878894767783657,0.13717421124828533,4.285714285714286,97.4779541446208,22.744855967078188,4.285714285714286
2025-11-23,S006,P0020,ChassisLine-1,A,DEFECT_SPIKE,31.80189650571262,259,1.0,3.8610038610038613,3861.003861003861,15,0.06666666666666667,55.1,212.74131274131275,2.0,1,16.768666666666668,0.5515719801434088,0.23553773553773555,2.3417563172379285,30.391616105901758,26.708898458898464,1.1378835466640647
2025-11-23,S008,P0015,ChassisLine-1,B,COST_SPIKE,31.401715975265585,289,1.0,3.4602076124567476,3460.2076124567475,14,0.2857142857142857,181.81,629.1003460207612,2.0,0,36.20762857142857,0.9194854412353176,0.704046793569958,1.3060004670612173,148.94885895534682,70.43055132123929,2.1148330683367695
2025-11-23,S007,P0003,BodyLine-1,B,DEFECT_SPIKE,30.938955837922524,225,1.0,4.444444444444445,4444.444444444444,13,0.07692307692307693,90.00999999999999,400.0444444444444,2.0,1,18.49250769230769,1.0855740824195084,0.5004328565576712,2.169270199176868,112.70125682239247,60.227367598680736,1.8712632033557641
2025-11-23,S007,P0003,BodyLine-1,B,COST_SPIKE,22.36710870376919,225,1.0,4.444444444444445,4444.444444444444,13,0.07692307692307693,90.00999999999999,400.0444444444444,2.0,1,18.49250769230769,1.0855740824195084,0.5004328565576712,2.169270199176868,112.70125682239247,60.227367598680736,1.8712632033557641
2025-11-24,S007,P0013,ChassisLine-1,A,DEFECT_SPIKE,48.15044285714286,337,1.0,2.967359050445104,2967.359050445104,8,0.0,179.33,532.1364985163204,1.0,1,10.5866,1.0117979125562377,0.23608617959645545,4.2857142857142865,173.49745393266656,40.48273925095553,4.285714285714286
2025-11-24,S007,P0013,ChassisLine-1,A,COST_SPIKE,38.52035428571428,337,1.0,2.967359050445104,2967.359050445104,8,0.0,179.33,532.1364985163204,1.0,1,10.5866,1.0117979125562377,0.23608617959645545,4.2857142857142865,173.49745393266656,40.48273925095553,4.285714285714286
2025-11-26,S008,P0015,ChassisLine-1,A,DEFECT_SPIKE,39.620459032313555,329,1.0,3.0395136778115504,3039.51367781155,19,0.2631578947368421,198.39000000000001,603.0091185410334,2.0,0,34.28358947368421,2.276966826156544,1.0129457854910273,2.247866429547145,324.6638236378732,129.34291067393514,2.510101419136369
2025-11-26,S008,P0015,ChassisLine-1,A,COST_SPIKE,33.794247142564636,329,1.0,3.0395136778115504,3039.51367781155,19,0.2631578947368421,198.39000000000001,603.0091185410334,2.0,0,34.28358947368421,2.276966826156544,1.0129457854910273,2.247866429547145,324.6638236378732,129.34291067393514,2.510101419136369
2025-11-26,S011,P0011,TrimLine-1,B,DEFECT_SPIKE,29.348928571428573,412,1.0,2.4271844660194173,2427.1844660194174,8,0.125,252.75,613.4708737864078,2.0,0,21.555,0.7256720514169459,0.39074648922450933,1.8571428571428572,109.27189064701619,58.838710348393334,1.8571428571428572
2025-11-26,S011,P0011,TrimLine-1,B,COST_SPIKE,23.479142857142858,412,1.0,2.4271844660194173,2427.1844660194174,8,0.125,252.75,613.4708737864078,2.0,0,21.555,0.7256720514169459,0.39074648922450933,1.8571428571428572,109.27189064701619,58.838710348393334,1.8571428571428572
2025-11-28,S007,P0003,BodyLine-1,A,DEFECT_SPIKE,56.11214285714286,237,1.0,4.219409282700422,4219.4092827004215,16,0.1875,38.0,160.33755274261605,1.0,1,26.51,1.8782829587531216,0.4382660237090617,4.285714285714286,176.9104667183329,41.27910890094435,4.285714285714286
2025-11-28,S007,P0003,BodyLine-1,A,COST_SPIKE,44.889714285714284,237,1.0,4.219409282700422,4219.4092827004215,16,0.1875,38.0,160.33755274261605,1.0,1,26.51,1.8782829587531216,0.4382660237090617,4.285714285714286,176.9104667183329,41.27910890094435,4.285714285714286
2025-11-28,S001,P0021,ChassisLine-1,B,DEFECT_SPIKE,26.455139297617887,328,1.0,3.048780487804878,3048.7804878048782,15,0.0,128.54999999999998,391.92073170731703,2.0,0,6.571,1.8499672266878255,0.7984445519089388,2.3169639297617888,166.90805361023908,66.92784113870428,2.493850851461521
2025-11-28,S001,P0021,ChassisLine-1,B,COST_SPIKE,22.579206811692167,328,1.0,3.048780487804878,3048.7804878048782,15,0.0,128.54999999999998,391.92073170731703,2.0,0,6.571,1.8499672266878255,0.7984445519089388,2.3169639297617888,166.90805361023908,66.92784113870428,2.493850851461521
2025-11-29,S005,P0032,ChassisLine-1,A,DEFECT_SPIKE,67.73779190910038,468,1.0,2.136752136752137,2136.752136752137,8,0.875,141.08999999999997,301.47435897435895,2.0,1,99.3218,0.9373615568305834,0.5185413297507693,1.807689190910038,168.44703231871375,125.52511882851114,1.3419388397380552
2025-11-30,S001,P0001,Final-1,B,COST_SPIKE,37.19541967789413,157,1.0,6.369426751592357,6369.426751592357,6,0.5,141.49,901.2101910828027,1.0,0,54.8298,4.357378151193989,3.1307631869515355,1.391794233864371,1108.8991184856543,581.203074988971,1.9079374597367658
2025-12-01,S007,P0013,ChassisLine-1,A,DEFECT_SPIKE,49.42404285714285,321,1.0,3.115264797507788,3115.264797507788,19,0.0,206.69,643.8940809968847,2.0,1,13.1338,1.456835740771636,0.3399283395133817,4.285714285714286,265.48232264650727,61.94587528418503,4.285714285714286
2025-12-01,S007,P0013,ChassisLine-1,A,COST_SPIKE,39.539234285714286,321,1.0,3.115264797507788,3115.264797507788,19,0.0,206.69,643.8940809968847,2.0,1,13.1338,1.456835740771636,0.3399283395133817,4.285714285714286,265.48232264650727,61.94587528418503,4.285714285714286
2025-12-01,S008,P0015,ChassisLine-1,C,DEFECT_SPIKE,24.68649238549847,470,1.0,2.127659574468085,2127.6595744680853,16,0.0,213.85999999999999,455.02127659574467,3.0,0,10.2772,2.0465892123926834,1.0469615711159417,1.9547892385498473,304.78648249613394,156.33773462259109,1.949538818839273
2025-12-01,S008,P0015,ChassisLine-1,C,COST_SPIKE,19.707190550714184,470,1.0,2.127659574468085,2127.6595744680853,16,0.0,213.85999999999999,455.02127659574467,3.0,0,10.2772,2.0465892123926834,1.0469615711159417,1.9547892385498473,304.78648249613394,156.33773462259109,1.949538818839273
2025-12-02,S012,P0026,BodyLine-2,A,DEFECT_SPIKE,44.99684285714285,177,1.0,5.649717514124294,5649.717514124294,13,0.0,113.97,643.8983050847457,1.0,0,4.2794,1.711621684650988,0.39937839308523054,4.285714285714286,272.9131447531524,63.679733775735556,4.285714285714286
2025-12-02,S012,P0026,BodyLine-2,A,COST_SPIKE,35.99747428571428,177,1.0,5.649717514124294,5649.717514124294,13,0.0,113.97,643.8983050847457,1.0,0,4.2794,1.711621684650988,0.39937839308523054,4.285714285714286,272.9131447531524,63.679733775735556,4.285714285714286
2025-12-04,S007,P0003,BodyLine-1,A,DEFECT_SPIKE,49.64394285714286,281,1.0,3.558718861209964,3558.7188612099644,14,0.0,128.68,457.93594306049823,3.0,1,13.5736,2.386671367497402,0.5568899857493937,4.2857142857142865,242.32988715554697,56.543640336294295,4.285714285714286
2025-12-04,S007,P0003,BodyLine-1,A,COST_SPIKE,39.715154285714284,281,1.0,3.558718861209964,3558.7188612099644,14,0.0,128.68,457.93594306049823,3.0,1,13.5736,2.386671367497402,0.5568899857493937,4.2857142857142865,242.32988715554697,56.543640336294295,4.285714285714286
2025-12-04,S001,P0001,Final-1,B,COST_SPIKE,35.717643499339474,172,1.0,5.813953488372093,5813.953488372093,5,0.4,253.76,1475.3488372093022,2.0,0,49.0752,4.46825959591645,3.109450192402442,1.4369934616846707,1198.7348465792468,596.1051077142739,2.0109454374174334
2025-12-04,S006,P0020,ChassisLine-1,B,DEFECT_SPIKE,25.967053922351262,258,1.0,3.875968992248062,3875.968992248062,12,0.0,65.68,254.57364341085275,1.0,1,8.313600000000001,1.2090178507929734,0.5543346056846984,2.181025392235126,78.54983896695013,43.94718341510231,1.7873691295528336
2025-12-06,S005,P0032,ChassisLine-1,C,COST_SPIKE,45.52311795082861,321,1.0,3.115264797507788,3115.264797507788,11,0.6363636363636364,139.32999999999998,434.04984423676007,2.0,1,75.42296363636363,1.1748210835088577,1.1116622169547463,1.0568148000272304,269.49473361582363,140.4173080380872,1.9192415620353944
2025-12-07,S007,P0007,BodyLine-1,B,DEFECT_SPIKE,25.618348887295497,306,1.0,3.2679738562091503,3267.97385620915,18,0.0,80.84,264.18300653594775,2.0,0,5.6168,0.8647841680776303,0.3791258684315995,2.2809948887295497,95.15785887242548,51.64694021030653,1.842468469282833
2025-12-07,S007,P0007,BodyLine-1,B,COST_SPIKE,16.986467754262662,306,1.0,3.2679738562091503,3267.97385620915,18,0.0,80.84,264.18300653594775,2.0,0,5.6168,0.8647841680776303,0.3791258684315995,2.2809948887295497,95.15785887242548,51.64694021030653,1.842468469282833
2025-12-09,S001,P0017,ChassisLine-1,B,COST_SPIKE,37.239079386300226,267,1.0,3.745318352059925,3745.318352059925,18,0.4444444444444444,170.63,639.063670411985,1.0,0,49.85704444444444,0.5350454788657035,0.35325927070398017,1.5145971337127464,91.29481005885499,42.22637798858036,2.162032701065306
2025-12-09,S003,P0028,ChassisLine-1,A,DEFECT_SPIKE,32.701880928055516,289,1.0,3.4602076124567476,3460.2076124567475,18,0.2222222222222222,54.78,189.55017301038063,2.0,0,27.317822222222222,2.4793723492566087,1.3019882786614865,1.9042969816944404,197.7958140498474,121.13385219130978,1.6328698416811134
2025-12-11,S003,P0036,ChassisLine-1,B,COST_SPIKE,17.780093520913393,349,1.0,2.865329512893983,2865.3295128939826,20,0.0,188.94,541.3753581661891,2.0,0,7.7788,0.8117472744778125,0.7462887655669885,1.087712038464216,173.08983989899278,94.4003666898973,1.833571690114174
2025-12-12,S011,P0011,TrimLine-1,B,DEFECT_SPIKE,46.85387142857142,175,1.0,5.714285714285714,5714.285714285715,10,0.4,342.53,1957.3142857142855,2.0,0,50.8506,1.5419985820291908,0.7195993382802891,2.142857142857143,388.8882171776284,181.48116801622658,2.142857142857143
2025-12-12,S011,P0011,TrimLine-1,B,COST_SPIKE,37.48309714285715,175,1.0,5.714285714285714,5714.285714285715,10,0.4,342.53,1957.3142857142855,2.0,0,50.8506,1.5419985820291908,0.7195993382802891,2.142857142857143,388.8882171776284,181.48116801622658,2.142857142857143
2025-12-12,S005,P0032,ChassisLine-1,A,DEFECT_SPIKE,37.19704419350575,351,1.0,2.849002849002849,2849.002849002849,19,0.10526315789473684,100.08000000000001,285.12820512820514,1.0,1,19.52791578947368,1.3443619638309905,0.4900513012607408,2.743308629876891,209.17963305131448,115.0343306043896,1.8184104862634147
2025-12-12,S005,P0032,ChassisLine-1,A,COST_SPIKE,22.35845020589679,351,1.0,2.849002849002849,2849.002849002849,19,0.10526315789473684,100.08000000000001,285.12820512820514,1.0,1,19.52791578947368,1.3443619638309905,0.4900513012607408,2.743308629876891,209.17963305131448,115.0343306043896,1.8184104862634147
2025-12-12,S001,P0017,ChassisLine-1,C,COST_SPIKE,22.26931210090067,161,1.0,6.211180124223602,6211.180124223602,8,0.125,100.84,626.3354037267081,2.0,0,18.5168,2.048751632148087,1.1839380216711928,1.7304551375553958,321.34640494585955,172.96923861693602,1.8578240126125836
2025-12-12,S010,P0025,TrimLine-1,B,COST_SPIKE,16.42593615140145,372,1.0,2.688172043010753,2688.172043010753,11,0.0,149.96,403.1182795698925,1.0,0,4.9992,0.9509180016092458,0.8148404197937111,1.166999057128247,156.89104674127717,87.00305614691909,1.8032820189251813
2025-12-13,S006,P0020,ChassisLine-1,C,DEFECT_SPIKE,32.86582857142857,325,1.0,3.076923076923077,3076.923076923077,19,0.0,79.44,244.43076923076922,1.0,1,8.588799999999999,0.4395604395604396,0.15384615384615385,2.857142857142857,34.918681318681315,12.221538461538461,2.8571428571428568
2025-12-13,S007,P0013,ChassisLine-1,B,DEFECT_SPIKE,28.582195103792806,254,1.0,3.937007874015748,3937.007874015748,20,0.0,298.72,1176.0629921259845,2.0,1,14.974400000000001,1.5409032775012714,0.7304591776009574,2.1094995103792806,324.9659460375672,126.7760161803355,2.5633077598471923
2025-12-13,S007,P0013,ChassisLine-1,B,COST_SPIKE,26.49622207877754,254,1.0,3.937007874015748,3937.007874015748,20,0.0,298.72,1176.0629921259845,2.0,1,14.974400000000001,1.5409032775012714,0.7304591776009574,2.1094995103792806,324.9659460375672,126.7760161803355,2.5633077598471923
2025-12-13,S006,P0020,ChassisLine-1,C,COST_SPIKE,26.292662857142854,325,1.0,3.076923076923077,3076.923076923077,19,0.0,79.44,244.43076923076922,1.0,1,8.588799999999999,0.4395604395604396,0.15384615384615385,2.857142857142857,34.918681318681315,12.221538461538461,2.8571428571428568
2025-12-14,S001,P0005,BodyLine-1,A,DEFECT_SPIKE,36.77244888801347,257,1.0,3.8910505836575875,3891.0505836575876,10,0.1,112.61000000000001,438.17120622568103,2.0,0,16.252200000000002,0.9259605941124459,0.3232386080796136,2.864634888801347,72.4774558116628,40.99500764222829,1.7679580997810316
2025-12-14,S003,P0036,ChassisLine-1,B,COST_SPIKE,21.926416138021743,270,1.0,3.7037037037037037,3703.703703703704,8,0.0,151.57,561.3703703703703,1.0,1,10.0314,1.3408478035783415,0.8697455556904452,1.5416552517062454,253.28560709476,113.11271236890964,2.239232017252718
2025-12-15,S005,P0032,ChassisLine-1,A,DEFECT_SPIKE,45.61965489990226,393,1.0,2.544529262086514,2544.5292620865143,11,0.2727272727272727,127.44999999999999,324.3002544529262,1.0,0,31.82172727272727,1.707866144129064,0.5748689433302913,2.9708791263538625,255.50824083030395,125.8443390861538,2.030351485698387
2025-12-15,S005,P0032,ChassisLine-1,A,COST_SPIKE,28.971502794678003,393,1.0,2.544529262086514,2544.5292620865143,11,0.2727272727272727,127.44999999999999,324.3002544529262,1.0,0,31.82172727272727,1.707866144129064,0.5748689433302913,2.9708791263538625,255.50824083030395,125.8443390861538,2.030351485698387
2025-12-17,S006,P0020,ChassisLine-1,C,DEFECT_SPIKE,43.771657142857144,253,1.0,3.952569169960474,3952.569169960474,14,0.14285714285714285,212.88,841.4229249011858,2.0,1,27.543314285714285,1.0042131781262216,0.33473772604207386,3.0,155.12195630456497,51.70731876818833,2.9999999999999996
2025-12-17,S006,P0020,ChassisLine-1,C,COST_SPIKE,35.01732571428571,253,1.0,3.952569169960474,3952.569169960474,14,0.14285714285714285,212.88,841.4229249011858,2.0,1,27.543314285714285,1.0042131781262216,0.33473772604207386,3.0,155.12195630456497,51.70731876818833,2.9999999999999996
2025-12-18,S007,P0016,BodyLine-1,A,DEFECT_SPIKE,46.567142857142855,443,1.0,2.257336343115124,2257.336343115124,9,0.0,171.0,386.0045146726862,2.0,0,7.42,0.3224766204450177,0.07524454477050413,4.285714285714286,55.143502096098025,12.866817155756205,4.285714285714286
2025-12-18,S007,P0016,BodyLine-1,A,COST_SPIKE,37.25371428571428,443,1.0,2.257336343115124,2257.336343115124,9,0.0,171.0,386.0045146726862,2.0,0,7.42,0.3224766204450177,0.07524454477050413,4.285714285714286,55.143502096098025,12.866817155756205,4.285714285714286
2025-12-18,S007,P0007,BodyLine-1,B,DEFECT_SPIKE,34.78133199308244,218,1.0,4.587155963302752,4587.155963302753,17,0.0,143.99,660.5045871559633,2.0,0,6.8798,1.5200921628351662,0.4850104370376807,3.134143199308244,189.5156570375631,67.29924456598712,2.8160146263119255
2025-12-18,S007,P0007,BodyLine-1,B,COST_SPIKE,25.280037010495406,218,1.0,4.587155963302752,4587.155963302753,17,0.0,143.99,660.5045871559633,2.0,0,6.8798,1.5200921628351662,0.4850104370376807,3.134143199308244,189.5156570375631,67.29924456598712,2.8160146263119255
2025-12-20,S003,P0036,ChassisLine-1,B,COST_SPIKE,26.363055508814117,401,1.0,2.493765586034913,2493.7655860349128,8,0.0,268.69,670.0498753117207,2.0,1,14.3738,1.6971000301547576,0.9528710752249424,1.7810384576466722,349.0070178535772,135.44770821263367,2.5766919386017646
2025-12-22,S003,P0036,ChassisLine-1,B,DEFECT_SPIKE,42.63288630792485,388,2.0,5.154639175257732,5154.639175257732,17,0.35294117647058826,142.7,367.78350515463916,3.0,1,49.148117647058825,2.0310625682700474,1.1246923810668668,1.8058827484395432,305.79701557184563,147.70715838445497,2.0702924551287585
2025-12-22,S003,P0036,ChassisLine-1,B,COST_SPIKE,36.2215866998536,388,2.0,5.154639175257732,5154.639175257732,17,0.35294117647058826,142.7,367.78350515463916,3.0,1,49.148117647058825,2.0310625682700474,1.1246923810668668,1.8058827484395432,305.79701557184563,147.70715838445497,2.0702924551287585
2025-12-24,S001,P0017,ChassisLine-1,B,DEFECT_SPIKE,34.05846130232169,202,1.0,4.9504950495049505,4950.495049504951,8,0.25,128.62,636.7326732673267,2.0,0,31.572400000000002,0.7072135785007072,0.3870421765536202,1.8272261302321684,90.96181046676097,49.087283370457136,1.853062630911568
2025-12-24,S001,P0017,ChassisLine-1,B,COST_SPIKE,27.453461047292546,202,1.0,4.9504950495049505,4950.495049504951,8,0.25,128.62,636.7326732673267,2.0,0,31.572400000000002,0.7072135785007072,0.3870421765536202,1.8272261302321684,90.96181046676097,49.087283370457136,1.853062630911568
2025-12-24,S007,P0007,BodyLine-1,B,DEFECT_SPIKE,23.22325393695323,301,1.0,3.3222591362126246,3322.2591362126245,10,0.0,172.8,574.0863787375415,2.0,0,7.456,1.129916442787911,0.5795853936768455,1.949525393695323,176.3701379847864,84.19214903837228,2.094852548595738
2025-12-24,S007,P0007,BodyLine-1,B,COST_SPIKE,19.741220388765903,301,1.0,3.3222591362126246,3322.2591362126245,10,0.0,172.8,574.0863787375415,2.0,0,7.456,1.129916442787911,0.5795853936768455,1.949525393695323,176.3701379847864,84.19214903837228,2.094852548595738
2025-12-25,S005,P0032,ChassisLine-1,A,DEFECT_SPIKE,47.30426326887884,353,1.0,2.8328611898017,2832.8611898016998,21,0.47619047619047616,168.65,477.76203966005664,2.0,0,54.99204761904761,1.1553453645941738,0.583265043299205,1.980823945935504,137.92527546561774,80.99114532061752,1.70296734191888
2025-12-25,S007,P0016,BodyLine-1,A,DEFECT_SPIKE,47.070142857142855,287,1.0,3.484320557491289,3484.320557491289,8,0.0,221.3,771.0801393728224,2.0,0,8.426,0.8202367000866305,0.19138856335354712,4.285714285714286,165.29780772078695,38.56948846818362,4.285714285714286
2025-12-25,S007,P0016,BodyLine-1,A,COST_SPIKE,37.65611428571428,287,1.0,3.484320557491289,3484.320557491289,8,0.0,221.3,771.0801393728224,2.0,0,8.426,0.8202367000866305,0.19138856335354712,4.285714285714286,165.29780772078695,38.56948846818362,4.285714285714286
2025-12-25,S003,P0036,ChassisLine-1,B,DEFECT_SPIKE,29.585094386801956,339,1.0,2.949852507374631,2949.8525073746314,10,0.0,102.92,303.5988200589971,2.0,1,11.0584,3.5685414978949948,1.483437464646021,2.4055894386801957,472.3714005802738,186.57451488642155,2.5318109542872613
2025-12-25,S010,P0002,TrimLine-1,B,DEFECT_SPIKE,26.349947671847367,166,1.0,6.024096385542169,6024.096385542169,7,0.0,280.42,1689.277108433735,3.0,0,11.6084,1.8240118056911003,0.8877806905953765,2.0545747671847367,385.8857454856244,169.68345231647726,2.274150721343808
2025-12-25,S003,P0036,ChassisLine-1,B,COST_SPIKE,24.67784763429809,339,1.0,2.949852507374631,2949.8525073746314,10,0.0,102.92,303.5988200589971,2.0,1,11.0584,3.5685414978949948,1.483437464646021,2.4055894386801957,472.3714005802738,186.57451488642155,2.5318109542872613
2025-12-25,S010,P0002,TrimLine-1,B,COST_SPIKE,22.836565770750465,166,1.0,6.024096385542169,6024.096385542169,7,0.0,280.42,1689.277108433735,3.0,0,11.6084,1.8240118056911003,0.8877806905953765,2.0545747671847367,385.8857454856244,169.68345231647726,2.274150721343808
2025-12-28,S009,P0006,Final-1,A,COST_SPIKE,35.315156544682154,469,1.0,2.1321961620469083,2132.1961620469083,8,0.0,554.42,1182.1321961620467,3.0,0,17.0884,0.3045994517209869,0.2283059098040793,1.3341724354940216,168.87602802314953,47.437425406659415,3.5599745680852695
2025-12-31,S007,P0016,BodyLine-1,A,DEFECT_SPIKE,45.618542857142856,331,1.0,3.0211480362537766,3021.1480362537764,13,0.0,76.14,230.03021148036254,2.0,0,5.5228,1.2518292766943127,0.2920934978953396,4.285714285714286,198.15926650369585,46.2371621841957,4.285714285714286
2025-12-31,S007,P0016,BodyLine-1,A,COST_SPIKE,36.49483428571428,331,1.0,3.0211480362537766,3021.1480362537764,13,0.0,76.14,230.03021148036254,2.0,0,5.5228,1.2518292766943127,0.2920934978953396,4.285714285714286,198.15926650369585,46.2371621841957,4.285714285714286
2026-01-03,S001,P0018,TrimLine-1,B,COST_SPIKE,44.324248133031496,185,1.0,5.405405405405405,5405.405405405406,6,0.6666666666666666,150.57999999999998,813.9459459459458,1.0,0,71.67826666666666,2.4397938794825955,1.6702657719631366,1.460721952420182,367.5398043958356,187.84446626117304,1.9566176832956037
2026-01-03,S001,P0005,BodyLine-1,A,DEFECT_SPIKE,40.39474278589217,399,1.0,2.506265664160401,2506.265664160401,15,0.13333333333333333,116.32,291.5288220551378,1.0,0,17.659733333333335,1.2839985461353602,0.40678079688496027,3.1564876119225502,114.1244303909682,50.71263504406622,2.2504141283883388
2026-01-03,S001,P0005,BodyLine-1,A,COST_SPIKE,25.067206360440046,399,1.0,2.506265664160401,2506.265664160401,15,0.13333333333333333,116.32,291.5288220551378,1.0,0,17.659733333333335,1.2839985461353602,0.40678079688496027,3.1564876119225502,114.1244303909682,50.71263504406622,2.2504141283883388
2026-01-04,S001,P0017,ChassisLine-1,B,DEFECT_SPIKE,29.422740002151837,231,1.0,4.329004329004329,4329.004329004329,15,0.0,147.38,638.008658008658,3.0,0,8.9476,1.3256427683584684,0.5313423208537645,2.494894000215184,182.10590446799782,70.35423863741241,2.588414116831321
2026-01-04,S001,P0017,ChassisLine-1,B,COST_SPIKE,24.286352934650566,231,1.0,4.329004329004329,4329.004329004329,15,0.0,147.38,638.008658008658,3.0,0,8.9476,1.3256427683584684,0.5313423208537645,2.494894000215184,182.10590446799782,70.35423863741241,2.588414116831321
2026-01-05,S007,P0008,ChassisLine-1,B,DEFECT_SPIKE,33.74888223321286,269,1.0,3.717472118959108,3717.472118959108,19,0.0,324.27,1205.4646840148698,3.0,0,12.485399999999998,0.5310674455655868,0.1930720305213202,2.750618223321286,172.20924057355282,49.449790988600775,3.4825069455450417
2026-01-05,S007,P0008,ChassisLine-1,B,COST_SPIKE,32.85421556436033,269,1.0,3.717472118959108,3717.472118959108,19,0.0,324.27,1205.4646840148698,3.0,0,12.485399999999998,0.5310674455655868,0.1930720305213202,2.750618223321286,172.20924057355282,49.449790988600775,3.4825069455450417
2026-01-05,S003,P0036,ChassisLine-1,B,DEFECT_SPIKE,24.46107746911477,411,1.0,2.4330900243309004,2433.0900243309,17,0.0,242.87,590.9245742092457,3.0,0,10.8574,2.977692470428311,1.564540465457051,1.903237746911477,399.2540928192289,206.2720006933964,1.9355709523207754
2026-01-05,S003,P0036,ChassisLine-1,B,COST_SPIKE,19.827527618566204,411,1.0,2.4330900243309004,2433.0900243309,17,0.0,242.87,590.9245742092457,3.0,0,10.8574,2.977692470428311,1.564540465457051,1.903237746911477,399.2540928192289,206.2720006933964,1.9355709523207754
2026-01-06,S003,P0036,ChassisLine-1,B,DEFECT_SPIKE,23.470701069443695,373,1.0,2.680965147453083,2680.9651474530833,13,0.0,215.1,576.6756032171581,1.0,0,6.302,3.3606874914930374,1.653905970372154,2.0319701069443696,481.63632185025153,225.49452080063503,2.135911418779339
2026-01-06,S003,P0036,ChassisLine-1,B,COST_SPIKE,19.608091350234712,373,1.0,2.680965147453083,2680.9651474530833,13,0.0,215.1,576.6756032171581,1.0,0,6.302,3.3606874914930374,1.653905970372154,2.0319701069443696,481.63632185025153,225.49452080063503,2.135911418779339
2026-01-07,S002,P0024,TrimLine-1,B,DEFECT_SPIKE,22.695,415,1.0,2.4096385542168677,2409.6385542168678,9,0.0,69.5,167.4698795180723,2.0,0,5.390000000000001,1.4103321601972925,0.7051660800986462,2.0,73.00742415290158,36.50371207645079,2.0
2026-01-07,S002,P0024,TrimLine-1,B,COST_SPIKE,18.156,415,1.0,2.4096385542168677,2409.6385542168678,9,0.0,69.5,167.4698795180723,2.0,0,5.390000000000001,1.4103321601972925,0.7051660800986462,2.0,73.00742415290158,36.50371207645079,2.0
2026-01-09,S005,P0027,Final-1,A,COST_SPIKE,28.909137911032502,345,1.0,2.898550724637681,2898.550724637681,11,0.2727272727272727,145.72,422.3768115942029,1.0,0,32.18712727272727,2.1865654474350125,1.5694213393478902,1.3932303535158708,439.31335403726706,219.18697300806477,2.0042858752426995
2026-01-11,S007,P0008,ChassisLine-1,B,DEFECT_SPIKE,39.53864167476963,402,1.0,2.487562189054726,2487.5621890547263,19,0.0,59.480000000000004,147.96019900497515,2.0,0,5.1896,1.85168443782437,0.5012159953817029,3.6943841674769633,298.97382498739097,79.02819401849635,3.783128650484116
2026-01-11,S007,P0008,ChassisLine-1,B,COST_SPIKE,32.34086920387293,402,1.0,2.487562189054726,2487.5621890547263,19,0.0,59.480000000000004,147.96019900497515,2.0,0,5.1896,1.85168443782437,0.5012159953817029,3.6943841674769633,298.97382498739097,79.02819401849635,3.783128650484116
2026-01-12,S010,P0002,Final-1,A,DEFECT_SPIKE,20.70233728526802,309,1.0,3.236245954692557,3236.245954692557,5,0.0,68.63,222.10355987055013,2.0,0,5.3726,1.911250099236726,1.0608604261712888,1.8016037285268018,250.0246731978971,152.99883722055128,1.6341606102370627
2026-01-13,S005,P0032,ChassisLine-1,B,COST_SPIKE,33.48793803135724,208,1.0,4.807692307692308,4807.692307692308,20,0.35,131.85,633.8942307692308,3.0,0,43.637,1.0578707007278436,0.6436441346376455,1.6435645783106478,122.04425931211647,60.89600629567346,2.0041422539196545
2026-01-14,S005,P0027,TrimLine-1,B,DEFECT_SPIKE,63.942067846221065,214,1.0,4.672897196261682,4672.8971962616815,5,0.8,271.97,1270.8878504672898,2.0,0,89.4394,0.6675567423230975,0.34728122344944773,1.9222367846221058,181.55540720961284,69.97393797790994,2.5946146873558558
2026-01-14,S005,P0027,TrimLine-1,B,COST_SPIKE,56.53267749884685,214,1.0,4.672897196261682,4672.8971962616815,5,0.8,271.97,1270.8878504672898,2.0,0,89.4394,0.6675567423230975,0.34728122344944773,1.9222367846221058,181.55540720961284,69.97393797790994,2.5946146873558558
2026-01-14,S008,P0029,TrimLine-1,B,DEFECT_SPIKE,30.804614285714287,328,1.0,3.048780487804878,3048.7804878048782,9,0.0,351.89,1072.8353658536585,3.0,0,13.0378,1.2119375852143615,0.4990331233235606,2.428571428571429,263.77461748219963,108.61307778678808,2.4285714285714284
2026-01-14,S008,P0029,TrimLine-1,B,COST_SPIKE,24.64369142857143,328,1.0,3.048780487804878,3048.7804878048782,9,0.0,351.89,1072.8353658536585,3.0,0,13.0378,1.2119375852143615,0.4990331233235606,2.428571428571429,263.77461748219963,108.61307778678808,2.4285714285714284
2026-01-15,S011,P0011,Final-1,A,DEFECT_SPIKE,32.87807142857143,157,1.0,6.369426751592357,6369.426751592357,4,0.0,44.95,286.30573248407643,1.0,0,2.899,0.9099181073703367,0.2895193977996526,3.1428571428571432,40.90081892629663,13.013896931094383,3.142857142857143
2026-01-15,S011,P0011,Final-1,A,COST_SPIKE,26.302457142857143,157,1.0,6.369426751592357,6369.426751592357,4,0.0,44.95,286.30573248407643,1.0,0,2.899,0.9099181073703367,0.2895193977996526,3.1428571428571432,40.90081892629663,13.013896931094383,3.142857142857143
2026-01-16,S008,P0029,Final-1,A,DEFECT_SPIKE,45.88914285714286,297,1.0,3.3670033670033668,3367.0033670033667,9,0.0,103.2,347.4747474747475,2.0,0,6.064,0.481000481000481,0.11223344556677889,4.285714285714286,49.63924963924965,11.582491582491583,4.2857142857142865
2026-01-16,S008,P0029,Final-1,A,COST_SPIKE,36.711314285714295,297,1.0,3.3670033670033668,3367.0033670033667,9,0.0,103.2,347.4747474747475,2.0,0,6.064,0.481000481000481,0.11223344556677889,4.285714285714286,49.63924963924965,11.582491582491583,4.2857142857142865
2026-01-18,S012,P0026,BodyLine-1,B,DEFECT_SPIKE,30.049057142857137,267,1.0,3.745318352059925,3745.318352059925,13,0.0,190.61999999999998,713.9325842696629,1.0,0,5.8124,0.5350454788657035,0.19712201852946973,2.714285714285714,101.99036918138042,37.57539917208752,2.7142857142857144
2026-01-18,S012,P0026,BodyLine-1,B,COST_SPIKE,24.039245714285716,267,1.0,3.745318352059925,3745.318352059925,13,0.0,190.61999999999998,713.9325842696629,1.0,0,5.8124,0.5350454788657035,0.19712201852946973,2.714285714285714,101.99036918138042,37.57539917208752,2.7142857142857144
2026-01-20,S006,P0019,BodyLine-1,A,DEFECT_SPIKE,23.688515584415587,259,1.0,3.8610038610038613,3861.003861003861,16,0.0,85.41,329.76833976833973,1.0,0,3.7081999999999997,0.5515719801434088,0.2526158659987656,2.183441558441559,47.10976282404853,22.315698066627434,2.111059339635895
2026-01-20,S006,P0019,BodyLine-1,A,COST_SPIKE,18.37175471708716,259,1.0,3.8610038610038613,3861.003861003861,16,0.0,85.41,329.76833976833973,1.0,0,3.7081999999999997,0.5515719801434088,0.2526158659987656,2.183441558441559,47.10976282404853,22.315698066627434,2.111059339635895
2026-01-21,S007,P0007,BodyLine-2,A,DEFECT_SPIKE,21.95049367659729,178,1.0,5.617977528089887,5617.9775280898875,15,0.0,100.53,564.7752808988764,2.0,0,6.0106,0.8025682182985553,0.42362629382351236,1.8945193676597292,80.68218298555378,64.65594033791567,1.2478696089466659
2026-01-24,S002,P0024,TrimLine-1,B,DEFECT_SPIKE,26.00921428571429,151,1.0,6.622516556291391,6622.516556291391,4,0.0,72.35,479.1390728476821,1.0,0,3.447,2.356405953953206,0.970284804568967,2.428571428571429,141.45586313114188,58.24653187752901,2.428571428571429
2026-01-24,S002,P0024,TrimLine-1,B,COST_SPIKE,20.80737142857143,151,1.0,6.622516556291391,6622.516556291391,4,0.0,72.35,479.1390728476821,1.0,0,3.447,2.356405953953206,0.970284804568967,2.428571428571429,141.45586313114188,58.24653187752901,2.428571428571429
2026-01-25,S001,P0012,TrimLine-1,A,DEFECT_SPIKE,31.045928571428572,240,1.0,4.166666666666667,4166.666666666667,5,0.2,147.45,614.375,1.0,0,24.948999999999998,1.6229873244261734,0.8739162516140934,1.8571428571428572,126.8839928057554,68.32214997232983,1.8571428571428572
2026-01-25,S001,P0012,TrimLine-1,A,COST_SPIKE,24.83674285714286,240,1.0,4.166666666666667,4166.666666666667,5,0.2,147.45,614.375,1.0,0,24.948999999999998,1.6229873244261734,0.8739162516140934,1.8571428571428572,126.8839928057554,68.32214997232983,1.8571428571428572
2026-01-27,S010,P0002,TrimLine-1,B,DEFECT_SPIKE,22.904034496060568,248,1.0,4.032258064516129,4032.258064516129,8,0.0,202.35000000000002,815.9274193548388,1.0,0,6.047000000000001,1.804810576812452,0.9078279948509858,1.9880534496060571,377.0837101553633,175.39985273684934,2.1498519198935604
2026-01-27,S010,P0002,TrimLine-1,B,COST_SPIKE,19.617615359148484,248,1.0,4.032258064516129,4032.258064516129,8,0.0,202.35000000000002,815.9274193548388,1.0,0,6.047000000000001,1.804810576812452,0.9078279948509858,1.9880534496060571,377.0837101553633,175.39985273684934,2.1498519198935604
2026-01-28,S010,P0025,Final-1,C,COST_SPIKE,19.52559615217104,158,2.0,12.658227848101266,12658.227848101265,10,0.0,223.38000000000002,1413.7974683544305,4.0,0,12.467600000000001,3.370209176372506,2.0252406426080216,1.664103072725466,345.8817845316656,190.32524600732935,1.8173195190213798
2026-01-30,S008,P0015,ChassisLine-1,B,DEFECT_SPIKE,33.7407849791515,218,1.0,4.587155963302752,4587.155963302753,15,0.2,183.57,842.0642201834862,2.0,0,27.6714,2.5829223018556933,1.297619329212126,1.9905084979151497,351.2286387876482,161.99736852317878,2.1681132353541535
2026-01-30,S009,P0030,Final-1,B,DEFECT_SPIKE,32.27892857142858,393,1.0,2.544529262086514,2544.5292620865143,8,0.0,170.75,434.47837150127225,2.0,0,7.415,0.36350418029807346,0.1272264631043257,2.8571428571428577,62.06833878589604,21.723918575063614,2.857142857142857
2026-01-30,S008,P0015,ChassisLine-1,B,COST_SPIKE,28.41346588283323,218,1.0,4.587155963302752,4587.155963302753,15,0.2,183.57,842.0642201834862,2.0,0,27.6714,2.5829223018556933,1.297619329212126,1.9905084979151497,351.2286387876482,161.99736852317878,2.1681132353541535
2026-01-30,S009,P0030,Final-1,B,COST_SPIKE,25.82314285714286,393,1.0,2.544529262086514,2544.5292620865143,8,0.0,170.75,434.47837150127225,2.0,0,7.415,0.36350418029807346,0.1272264631043257,2.8571428571428577,62.06833878589604,21.723918575063614,2.857142857142857
